file,class,type,cbo,cboModified,fanin,fanout,wmc,dit,noc,rfc,lcom,lcom*,tcc,lcc,totalMethodsQty,staticMethodsQty,publicMethodsQty,privateMethodsQty,protectedMethodsQty,defaultMethodsQty,visibleMethodsQty,abstractMethodsQty,finalMethodsQty,synchronizedMethodsQty,totalFieldsQty,staticFieldsQty,publicFieldsQty,privateFieldsQty,protectedFieldsQty,defaultFieldsQty,finalFieldsQty,synchronizedFieldsQty,nosi,loc,returnQty,loopQty,comparisonsQty,tryCatchQty,parenthesizedExpsQty,stringLiteralsQty,numbersQty,assignmentsQty,mathOperationsQty,variablesQty,maxNestedBlocksQty,anonymousClassesQty,innerClassesQty,lambdasQty,uniqueWordsQty,modifiers,logStatementsQty
/Users/thiago/Documents/Thiago/CodeToAnalyze/moshi/moshi/records-tests/src/test/java/com/squareup/moshi/records/RecordsTest.java,com.squareup.moshi.records.RecordsTest$Anonymous1,anonymous,4,4,0,4,2,1,0,0,1,0.0,0.0,0.0,2,0,0,0,0,2,2,0,0,0,0,0,0,0,0,0,0,0,0,8,0,0,0,0,0,2,0,0,0,0,0,0,0,0,11,-1,0
/Users/thiago/Documents/Thiago/CodeToAnalyze/moshi/moshi/src/test/java/com/squareup/moshi/JsonUtf8WriterTest.java,com.squareup.moshi.JsonUtf8WriterTest,class,3,3,0,3,4,1,0,14,6,0.0,0.0,0.0,4,0,4,0,0,0,4,0,0,0,0,0,0,0,0,0,0,0,0,69,0,0,0,0,0,51,13,10,2,10,0,0,0,0,25,17,0
/Users/thiago/Documents/Thiago/CodeToAnalyze/moshi/moshi/src/test/java/com/squareup/moshi/JsonQualifiersTest.java,com.squareup.moshi.JsonQualifiersTest$BuiltInTypesJsonAdapter,innerclass,4,4,0,4,3,1,0,2,1,0.0,0.0,0.0,2,0,0,0,0,2,2,0,0,0,0,0,0,0,0,0,0,0,0,9,2,0,0,0,0,2,1,0,1,0,1,0,0,0,13,8,0
/Users/thiago/Documents/Thiago/CodeToAnalyze/moshi/examples/src/main/java/com/squareup/moshi/recipes/Unwrap.java,com.squareup.moshi.recipes.Unwrap$EnvelopeJsonAdapter,innerclass,6,6,0,6,3,2,0,2,0,0.5,1.0,1.0,3,0,2,0,0,1,3,0,0,0,2,1,1,1,0,0,2,0,0,31,1,0,0,0,0,0,0,2,0,2,0,1,1,0,26,25,0
/Users/thiago/Documents/Thiago/CodeToAnalyze/moshi/examples/src/main/java/com/squareup/moshi/recipes/FromJsonWithoutStrings.java,com.squareup.moshi.recipes.FromJsonWithoutStrings,class,5,6,1,5,2,1,0,8,1,0.0,0.0,0.0,2,1,2,0,0,0,2,0,0,0,0,0,0,0,0,0,0,0,0,40,0,0,0,0,0,6,0,4,1,4,0,0,3,0,14,17,0
/Users/thiago/Documents/Thiago/CodeToAnalyze/moshi/moshi/src/test/java/com/squareup/moshi/MoshiTest.java,com.squareup.moshi.MoshiTest$LocalizedBooleanAdapter$Anonymous9,anonymous,4,4,0,4,4,1,0,1,0,0.0,NaN,NaN,1,0,1,0,0,0,1,0,0,0,0,0,0,0,0,0,0,0,0,12,2,1,1,0,1,0,0,0,0,0,3,0,0,0,12,-1,0
/Users/thiago/Documents/Thiago/CodeToAnalyze/moshi/examples/src/main/java/com/squareup/moshi/recipes/CustomAdapterWithDelegate.java,com.squareup.moshi.recipes.CustomAdapterWithDelegate,class,5,6,1,5,2,1,0,6,1,0.0,0.0,0.0,2,1,2,0,0,0,2,0,0,0,0,0,0,0,0,0,0,0,0,26,0,0,0,0,0,3,0,2,0,2,0,0,2,0,23,17,0
/Users/thiago/Documents/Thiago/CodeToAnalyze/moshi/moshi/src/test/java/com/squareup/moshi/JsonQualifiersTest.java,com.squareup.moshi.JsonQualifiersTest$MissingJsonQualifierJsonAdapter,innerclass,3,3,0,3,2,1,0,1,1,0.0,0.0,0.0,2,0,0,0,0,2,2,0,0,0,0,0,0,0,0,0,0,0,0,8,2,0,0,0,0,0,0,0,0,0,0,0,0,0,21,8,0
/Users/thiago/Documents/Thiago/CodeToAnalyze/moshi/moshi/src/test/java/com/squareup/moshi/CircularAdaptersTest.java,com.squareup.moshi.CircularAdaptersTest$PrefixingNodeFactory,innerclass,6,6,0,6,4,1,0,3,0,0.0,NaN,NaN,1,0,1,0,0,0,1,0,0,0,0,0,0,0,0,0,0,0,0,26,3,0,1,0,0,2,0,3,0,2,1,1,0,0,31,8,0
/Users/thiago/Documents/Thiago/CodeToAnalyze/moshi/moshi-adapters/src/test/java/com/squareup/moshi/adapters/PolymorphicJsonAdapterFactoryTest.java,com.squareup.moshi.adapters.PolymorphicJsonAdapterFactoryTest$MessageWithUnportableTypes,innerclass,1,1,0,1,1,1,0,0,0,0.0,NaN,NaN,1,0,0,0,0,1,1,0,0,0,1,0,0,0,0,1,1,0,0,6,0,0,0,0,0,0,0,1,0,1,0,0,0,0,6,24,0
/Users/thiago/Documents/Thiago/CodeToAnalyze/moshi/moshi/src/test/java/com/squareup/moshi/TypesTest.java,com.squareup.moshi.TypesTest$TestJsonClass,innerclass,1,1,0,1,0,1,0,0,0,0.0,-1.0,-1.0,0,0,0,0,0,0,0,0,0,0,0,0,0,0,0,0,0,0,0,2,0,0,0,0,0,0,0,0,0,0,0,0,0,0,6,8,0
/Users/thiago/Documents/Thiago/CodeToAnalyze/moshi/moshi/src/test/java/com/squareup/moshi/DeferredAdapterTest.java,com.squareup.moshi.DeferredAdapterTest,class,5,6,1,5,4,1,0,12,1,0.0,NaN,NaN,2,0,1,1,0,0,1,0,0,0,0,0,0,0,0,0,0,0,1,61,0,0,0,1,0,1,0,6,0,6,1,1,3,0,88,17,0
/Users/thiago/Documents/Thiago/CodeToAnalyze/moshi/moshi/src/test/java/com/squareup/moshi/JsonQualifiersTest.java,com.squareup.moshi.JsonQualifiersTest$ReaderWriterWithMultipleAnnotationsJsonAdapter,innerclass,7,7,0,7,4,1,0,6,1,0.0,0.0,0.0,2,0,0,0,0,2,2,0,0,0,0,0,0,0,0,0,0,0,0,11,1,0,0,0,0,4,2,1,2,1,1,0,0,0,21,8,0
/Users/thiago/Documents/Thiago/CodeToAnalyze/moshi/moshi/src/test/java/com/squareup/moshi/DeferredAdapterTest.java,com.squareup.moshi.DeferredAdapterTest$RedNode,innerclass,2,2,0,2,1,1,0,0,0,0.0,NaN,NaN,1,0,0,0,0,1,1,0,0,0,1,0,0,0,0,1,0,0,0,6,0,0,0,0,0,0,0,1,0,1,0,0,0,0,4,8,0
/Users/thiago/Documents/Thiago/CodeToAnalyze/moshi/examples/src/main/java/com/squareup/moshi/recipes/CustomAdapterWithDelegate.java,com.squareup.moshi.recipes.CustomAdapterWithDelegate$StageAdapter,innerclass,5,5,0,5,2,1,0,3,0,0.0,NaN,NaN,1,0,0,0,0,1,1,0,0,0,0,0,0,0,0,0,0,0,0,13,1,0,0,0,0,1,0,3,0,2,1,0,0,0,11,26,0
/Users/thiago/Documents/Thiago/CodeToAnalyze/moshi/examples/src/main/java/com/squareup/moshi/recipes/FallbackEnum.java,com.squareup.moshi.recipes.FallbackEnum$Example$Transportation,enum,0,0,0,0,0,1,0,0,0,0.0,-1.0,-1.0,0,0,0,0,0,0,0,0,0,0,0,0,0,0,0,0,0,0,0,1,0,0,0,0,0,0,0,0,0,0,0,0,0,0,8,0,0
/Users/thiago/Documents/Thiago/CodeToAnalyze/moshi/moshi/src/test/java/com/squareup/moshi/ClassJsonAdapterTest.java,com.squareup.moshi.ClassJsonAdapterTest$NoArgConstructorThrowsCheckedException,innerclass,0,0,0,0,1,1,0,0,0,0.0,NaN,NaN,1,0,0,0,0,1,1,0,0,0,0,0,0,0,0,0,0,0,0,5,0,0,0,0,0,1,0,0,0,0,0,0,0,0,6,8,0
/Users/thiago/Documents/Thiago/CodeToAnalyze/moshi/moshi/src/test/java/com/squareup/moshi/MoshiTest.java,com.squareup.moshi.MoshiTest$HasPlatformType,innerclass,0,0,0,0,0,1,0,0,0,NaN,-1.0,-1.0,0,0,0,0,0,0,0,0,0,0,1,0,0,0,0,1,0,0,0,9,0,0,0,0,0,0,0,0,0,1,0,0,2,0,7,24,0
/Users/thiago/Documents/Thiago/CodeToAnalyze/moshi/moshi-adapters/src/test/java/com/squareup/moshi/adapters/PolymorphicJsonAdapterFactoryTest.java,com.squareup.moshi.adapters.PolymorphicJsonAdapterFactoryTest$MessageWithType,innerclass,1,1,0,1,1,1,0,0,0,0.0,NaN,NaN,1,0,0,0,0,1,1,0,0,0,2,0,0,0,0,2,2,0,0,8,0,0,0,0,0,0,0,2,0,2,0,0,0,0,5,24,0
/Users/thiago/Documents/Thiago/CodeToAnalyze/moshi/moshi/src/test/java/com/squareup/moshi/AdapterMethodsTest.java,com.squareup.moshi.AdapterMethodsTest$JsonAdapterWithWriterAndReaderTakingMultipleJsonAdapterParameters,innerclass,8,8,0,8,2,1,0,4,1,0.0,0.0,0.0,2,0,0,0,0,2,2,0,0,0,0,0,0,0,0,0,0,0,0,15,1,0,0,0,0,0,0,2,0,2,0,0,0,0,20,8,0
/Users/thiago/Documents/Thiago/CodeToAnalyze/moshi/moshi-adapters/src/test/java/com/squareup/moshi/adapters/PolymorphicJsonAdapterFactoryTest.java,com.squareup.moshi.adapters.PolymorphicJsonAdapterFactoryTest$Anonymous1,anonymous,4,4,0,4,2,1,0,6,1,0.0,0.0,0.0,2,0,2,0,0,0,2,0,0,0,0,0,0,0,0,0,0,0,0,14,1,0,0,0,0,4,0,0,0,0,0,0,0,0,17,-1,0
/Users/thiago/Documents/Thiago/CodeToAnalyze/moshi/moshi-adapters/src/test/java/com/squareup/moshi/adapters/PolymorphicJsonAdapterFactoryTest.java,com.squareup.moshi.adapters.PolymorphicJsonAdapterFactoryTest$Anonymous2,anonymous,2,2,0,2,2,1,0,2,1,0.0,0.0,0.0,2,0,2,0,0,0,2,0,0,0,0,0,0,0,0,0,0,0,0,8,0,0,0,0,0,3,0,0,0,0,0,0,0,0,18,-1,0
/Users/thiago/Documents/Thiago/CodeToAnalyze/moshi/moshi/src/test/java/com/squareup/moshi/ClassJsonAdapterTest.java,com.squareup.moshi.ClassJsonAdapterTest$IgnoredFields,innerclass,1,1,0,1,0,1,0,0,0,NaN,-1.0,-1.0,0,0,0,0,0,0,0,0,0,0,2,0,0,0,0,2,0,0,0,4,0,0,0,0,0,0,0,0,0,2,0,0,0,0,6,8,0
/Users/thiago/Documents/Thiago/CodeToAnalyze/moshi/moshi/src/test/java/com/squareup/moshi/ObjectAdapterTest.java,com.squareup.moshi.ObjectAdapterTest$Anonymous7$Anonymous8,anonymous,3,3,0,3,3,1,0,3,1,0.0,0.0,0.0,2,0,2,0,0,0,2,0,0,0,0,0,0,0,0,0,0,0,0,13,2,0,1,0,0,0,0,0,0,0,1,0,0,0,15,-1,0
/Users/thiago/Documents/Thiago/CodeToAnalyze/moshi/moshi/src/test/java/com/squareup/moshi/AdapterMethodsTest.java,com.squareup.moshi.AdapterMethodsTest$Line,innerclass,2,2,0,2,3,1,0,2,0,0.0,1.0,1.0,3,0,3,0,0,0,3,0,0,0,2,0,0,0,0,2,2,0,0,14,2,0,0,0,2,0,1,2,2,2,0,0,0,0,9,8,0
/Users/thiago/Documents/Thiago/CodeToAnalyze/moshi/moshi/src/test/java/com/squareup/moshi/ObjectAdapterTest.java,com.squareup.moshi.ObjectAdapterTest,class,5,5,0,5,14,1,0,17,91,0.0,0.0,0.0,14,0,14,0,0,0,14,0,0,0,0,0,0,0,0,0,0,0,9,191,0,0,0,0,0,48,6,50,2,46,0,9,2,0,82,17,0
/Users/thiago/Documents/Thiago/CodeToAnalyze/moshi/examples/src/main/java/com/squareup/moshi/recipes/FromJsonWithoutStrings.java,com.squareup.moshi.recipes.FromJsonWithoutStrings$EventJsonAdapter,innerclass,4,4,0,4,2,1,0,1,1,0.0,0.0,0.0,2,0,0,0,0,2,2,0,0,0,0,0,0,0,0,0,0,0,0,15,2,0,0,0,0,1,4,7,1,2,0,0,0,0,7,26,0
/Users/thiago/Documents/Thiago/CodeToAnalyze/moshi/moshi/src/test/java/com/squareup/moshi/TypesTest.java,com.squareup.moshi.TypesTest$StringIntegerMap,interface,0,0,0,0,0,1,0,0,0,0.0,-1.0,-1.0,0,0,0,0,0,0,0,0,0,0,0,0,0,0,0,0,0,0,0,2,0,0,0,0,0,0,0,0,0,0,0,0,0,0,3,0,0
/Users/thiago/Documents/Thiago/CodeToAnalyze/moshi/moshi/src/test/java/com/squareup/moshi/FlattenTest.java,com.squareup.moshi.FlattenTest,class,9,9,0,9,14,1,0,20,0,0.07692308,0.84615386,0.84615386,13,1,13,0,0,0,13,0,0,0,1,0,1,0,0,0,0,0,2,292,1,0,0,1,0,58,5,29,0,30,7,0,0,0,68,17,0
/Users/thiago/Documents/Thiago/CodeToAnalyze/moshi/examples/src/main/java/com/squareup/moshi/recipes/IncludeNullsForOneType.java,com.squareup.moshi.recipes.IncludeNullsForOneType$TournamentWithNullsAdapter,innerclass,4,4,0,4,1,1,0,4,0,0.0,NaN,NaN,1,0,0,0,0,1,1,0,0,0,0,0,0,0,0,0,0,0,0,12,0,0,0,1,0,0,0,1,0,1,1,0,0,0,14,25,0
/Users/thiago/Documents/Thiago/CodeToAnalyze/moshi/moshi/src/test/java/com/squareup/moshi/AdapterMethodsTest.java,com.squareup.moshi.AdapterMethodsTest$Shape,interface,0,0,0,0,1,1,0,0,0,0.0,NaN,NaN,1,0,0,0,0,1,1,0,0,0,0,0,0,0,0,0,0,0,0,3,0,0,0,0,0,0,0,0,0,0,0,0,0,0,2,0,0
/Users/thiago/Documents/Thiago/CodeToAnalyze/moshi/moshi/src/test/java/com/squareup/moshi/AdapterMethodsTest.java,com.squareup.moshi.AdapterMethodsTest$UnexpectedSignatureFromJsonAdapter,innerclass,1,1,0,1,1,1,0,0,0,0.0,NaN,NaN,1,0,0,0,0,1,1,0,0,0,0,0,0,0,0,0,0,0,0,4,0,0,0,0,0,0,0,0,0,0,0,0,0,0,6,8,0
/Users/thiago/Documents/Thiago/CodeToAnalyze/moshi/moshi/src/test/java/com/squareup/moshi/AdapterMethodsTest.java,com.squareup.moshi.AdapterMethodsTest$ConflictingsToJsonAdapter,innerclass,2,2,0,2,2,1,0,0,1,0.0,0.0,0.0,2,0,0,0,0,2,2,0,0,0,0,0,0,0,0,0,0,0,0,8,0,0,0,0,0,0,0,0,0,0,0,0,0,0,10,8,0
/Users/thiago/Documents/Thiago/CodeToAnalyze/moshi/moshi-adapters/src/test/java/com/squareup/moshi/adapters/PolymorphicJsonAdapterFactoryTest.java,com.squareup.moshi.adapters.PolymorphicJsonAdapterFactoryTest$Error,innerclass,2,2,0,2,5,1,0,2,0,0.0,1.0,1.0,3,0,2,0,0,1,3,0,0,0,1,0,0,0,0,1,1,0,0,15,4,0,1,0,1,0,0,2,0,2,1,0,0,0,11,24,0
/Users/thiago/Documents/Thiago/CodeToAnalyze/moshi/moshi/src/test/java/com/squareup/moshi/ClassJsonAdapterTest.java,com.squareup.moshi.ClassJsonAdapterTest$TransientFields,innerclass,0,0,0,0,0,1,0,0,0,NaN,-1.0,-1.0,0,0,0,0,0,0,0,0,0,0,2,0,0,0,0,2,0,0,0,4,0,0,0,0,0,0,0,0,0,2,0,0,0,0,4,8,0
/Users/thiago/Documents/Thiago/CodeToAnalyze/moshi/moshi/src/test/java/com/squareup/moshi/JsonQualifiersTest.java,com.squareup.moshi.JsonQualifiersTest$ToButNoFromJsonAdapter,innerclass,2,2,0,2,1,1,0,0,0,0.0,NaN,NaN,1,0,0,0,0,1,1,0,0,0,0,0,0,0,0,0,0,0,0,5,1,0,0,0,0,1,0,0,1,0,0,0,0,0,10,8,0
/Users/thiago/Documents/Thiago/CodeToAnalyze/moshi/examples/src/main/java/com/squareup/moshi/recipes/IncludeNullsForAnnotatedTypes.java,com.squareup.moshi.recipes.IncludeNullsForAnnotatedTypes$Driver,innerclass,1,1,0,1,0,1,0,0,0,NaN,-1.0,-1.0,0,0,0,0,0,0,0,0,0,0,3,0,0,0,0,3,0,0,0,5,0,0,0,0,0,0,0,0,0,3,0,0,0,0,6,8,0
/Users/thiago/Documents/Thiago/CodeToAnalyze/moshi/moshi/src/test/java/com/squareup/moshi/JsonReaderPathTest.java,com.squareup.moshi.JsonReaderPathTest,class,7,7,0,7,11,1,0,20,0,0.09090909,0.8181818,0.8181818,11,1,11,0,0,0,11,0,0,0,1,0,1,0,0,0,0,0,1,177,1,0,0,0,0,82,0,10,0,11,0,0,0,0,38,17,0
/Users/thiago/Documents/Thiago/CodeToAnalyze/moshi/moshi/src/test/java/com/squareup/moshi/AdapterMethodsTest.java,com.squareup.moshi.AdapterMethodsTest$ToJsonAdapterTakingJsonAdapterParameter,innerclass,3,3,0,3,1,1,0,0,0,0.0,NaN,NaN,1,0,0,0,0,1,1,0,0,0,0,0,0,0,0,0,0,0,0,5,0,0,0,0,0,0,0,0,0,0,0,0,0,0,13,8,0
/Users/thiago/Documents/Thiago/CodeToAnalyze/moshi/moshi/src/test/java/com/squareup/moshi/JsonUtf8ReaderTest.java,com.squareup.moshi.JsonUtf8ReaderTest$Anonymous1,anonymous,0,0,0,0,0,1,0,0,0,0.0,-1.0,-1.0,0,0,0,0,0,0,0,0,0,0,0,0,0,0,0,0,0,0,0,2,0,0,0,0,0,0,0,0,0,0,0,0,0,0,0,-1,0
/Users/thiago/Documents/Thiago/CodeToAnalyze/moshi/examples/src/main/java/com/squareup/moshi/recipes/ReadJson.java,com.squareup.moshi.recipes.ReadJson,class,4,5,1,4,2,1,0,5,1,0.0,0.0,0.0,2,1,2,0,0,0,2,0,0,0,0,0,0,0,0,0,0,0,0,12,0,0,0,0,0,17,0,4,1,4,0,0,0,0,13,17,0
/Users/thiago/Documents/Thiago/CodeToAnalyze/moshi/moshi/src/test/java/com/squareup/moshi/ClassJsonAdapterTest.java,com.squareup.moshi.ClassJsonAdapterTest$NameCollision,innerclass,1,1,0,1,0,1,0,0,0,NaN,-1.0,-1.0,0,0,0,0,0,0,0,0,0,0,2,0,0,0,0,2,0,0,0,4,0,0,0,0,0,1,0,0,0,2,0,0,0,0,5,8,0
/Users/thiago/Documents/Thiago/CodeToAnalyze/moshi/moshi/src/test/java/com/squareup/moshi/ClassJsonAdapterTest.java,com.squareup.moshi.ClassJsonAdapterTest$BaseAbcde,innerclass,0,0,0,0,0,1,0,0,0,NaN,-1.0,-1.0,0,0,0,0,0,0,0,0,0,0,3,0,0,0,0,3,0,0,0,5,0,0,0,0,0,0,0,0,0,3,0,0,0,0,5,8,0
/Users/thiago/Documents/Thiago/CodeToAnalyze/moshi/examples/src/main/java/com/squareup/moshi/recipes/DefaultOnDataMismatchAdapter.java,com.squareup.moshi.recipes.DefaultOnDataMismatchAdapter$Anonymous1,anonymous,4,4,0,4,2,1,0,1,0,0.0,NaN,NaN,1,0,1,0,0,0,1,0,0,0,0,0,0,0,0,0,0,0,0,7,2,0,1,0,0,0,0,1,0,1,1,0,0,0,9,-1,0
/Users/thiago/Documents/Thiago/CodeToAnalyze/moshi/moshi-adapters/src/test/java/com/squareup/moshi/adapters/PolymorphicJsonAdapterFactoryTest.java,com.squareup.moshi.adapters.PolymorphicJsonAdapterFactoryTest,class,12,12,0,12,22,1,0,22,120,0.0,0.0,0.0,16,0,16,0,0,0,16,0,0,0,0,0,0,0,0,0,0,0,5,211,0,0,0,6,0,94,5,43,3,43,1,2,6,0,110,17,0
/Users/thiago/Documents/Thiago/CodeToAnalyze/moshi/moshi/src/test/java/com/squareup/moshi/AdapterMethodsTest.java,com.squareup.moshi.AdapterMethodsTest$PointJsonAdapterWithDelegateWithQualifier,innerclass,7,7,0,7,2,1,0,4,1,0.0,0.0,0.0,2,0,0,0,0,2,2,0,0,0,0,0,0,0,0,0,0,0,0,13,1,0,0,0,0,0,0,1,0,1,0,0,0,0,16,26,0
/Users/thiago/Documents/Thiago/CodeToAnalyze/moshi/moshi/src/test/java/com/squareup/moshi/JsonQualifiersTest.java,com.squareup.moshi.JsonQualifiersTest$ReaderWriterJsonAdapter,innerclass,6,6,0,6,3,1,0,4,1,0.0,0.0,0.0,2,0,0,0,0,2,2,0,0,0,0,0,0,0,0,0,0,0,0,10,1,0,0,0,0,2,1,1,1,1,1,0,0,0,15,8,0
/Users/thiago/Documents/Thiago/CodeToAnalyze/moshi/moshi/src/test/java/com/squareup/moshi/AdapterMethodsTest.java,com.squareup.moshi.AdapterMethodsTest$Point,innerclass,1,1,0,1,5,1,0,0,0,0.0,1.0,1.0,3,0,3,0,0,0,3,0,0,0,2,0,0,0,0,2,2,0,0,14,2,0,2,0,2,0,1,2,2,2,0,0,0,0,8,8,0
/Users/thiago/Documents/Thiago/CodeToAnalyze/moshi/examples/src/main/java/com/squareup/moshi/recipes/MultipleFormats.java,com.squareup.moshi.recipes.MultipleFormats$CardStringAdapter,innerclass,5,5,0,5,7,1,0,4,1,0.0,0.0,0.0,2,0,0,0,0,2,2,0,0,0,0,0,0,0,0,0,0,0,0,21,5,0,1,0,0,2,5,1,3,1,1,0,0,0,14,17,0
/Users/thiago/Documents/Thiago/CodeToAnalyze/moshi/examples/src/main/java/com/squareup/moshi/recipes/RecoverFromTypeMismatch.java,com.squareup.moshi.recipes.RecoverFromTypeMismatch,class,5,6,1,5,2,1,0,8,1,0.0,0.0,0.0,2,1,2,0,0,0,2,0,0,0,0,0,0,0,0,0,0,0,1,12,0,0,0,0,0,1,0,4,0,4,0,0,0,0,13,17,0
/Users/thiago/Documents/Thiago/CodeToAnalyze/moshi/moshi/src/test/java/com/squareup/moshi/ClassJsonAdapterTest.java,com.squareup.moshi.ClassJsonAdapterTest$ExtendsPlatformClassWithPrivateField,innerclass,0,0,0,0,1,3,0,0,0,1.0,NaN,NaN,1,0,1,0,0,0,1,0,0,0,1,0,0,0,0,1,0,0,0,6,0,0,0,0,0,1,1,0,0,1,0,0,0,0,10,8,0
/Users/thiago/Documents/Thiago/CodeToAnalyze/moshi/moshi/src/test/java/com/squareup/moshi/MoshiTest.java,com.squareup.moshi.MoshiTest$HasPlatformType$Wrapper,innerclass,1,1,0,1,0,1,0,0,0,NaN,-1.0,-1.0,0,0,0,0,0,0,0,0,0,0,1,0,0,0,0,1,0,0,0,3,0,0,0,0,0,0,0,0,0,1,0,0,0,0,5,24,0
/Users/thiago/Documents/Thiago/CodeToAnalyze/moshi/moshi/src/test/java/com/squareup/moshi/JsonQualifiersTest.java,com.squareup.moshi.JsonQualifiersTest$BuiltInTypesDelegatingJsonAdapter,innerclass,5,5,0,5,3,1,0,3,1,0.0,0.0,0.0,2,0,0,0,0,2,2,0,0,0,0,0,0,0,0,0,0,0,0,9,2,0,0,0,0,2,2,0,2,0,1,0,0,0,17,8,0
/Users/thiago/Documents/Thiago/CodeToAnalyze/moshi/moshi/src/test/java/com/squareup/moshi/CircularAdaptersTest.java,com.squareup.moshi.CircularAdaptersTest$Team,innerclass,1,1,0,1,1,1,0,0,0,0.0,NaN,NaN,1,0,1,0,0,0,1,0,0,0,2,0,0,0,0,2,2,0,0,8,0,0,0,0,0,0,0,2,0,2,0,0,0,0,3,8,0
/Users/thiago/Documents/Thiago/CodeToAnalyze/moshi/moshi/src/test/java/com/squareup/moshi/JsonAdapterTest.java,com.squareup.moshi.JsonAdapterTest$Anonymous8,anonymous,3,3,0,3,2,1,0,0,1,0.0,0.0,0.0,2,0,2,0,0,0,2,0,0,0,0,0,0,0,0,0,0,0,0,8,1,0,0,0,0,1,0,0,0,0,0,0,0,0,13,-1,0
/Users/thiago/Documents/Thiago/CodeToAnalyze/moshi/moshi/src/test/java/com/squareup/moshi/JsonAdapterTest.java,com.squareup.moshi.JsonAdapterTest$Anonymous7,anonymous,2,2,0,2,3,1,0,7,1,0.0,0.0,0.0,2,0,2,0,0,0,2,0,0,0,0,0,0,0,0,0,0,0,0,12,0,1,0,0,0,0,0,0,0,0,1,0,0,0,13,-1,0
/Users/thiago/Documents/Thiago/CodeToAnalyze/moshi/moshi/src/test/java/com/squareup/moshi/ClassJsonAdapterTest.java,com.squareup.moshi.ClassJsonAdapterTest$ExtendsTransientBaseA,innerclass,1,1,0,1,0,2,0,0,0,NaN,-1.0,-1.0,0,0,0,0,0,0,0,0,0,0,1,0,0,0,0,1,0,0,0,3,0,0,0,0,0,0,0,0,0,1,0,0,0,0,5,8,0
/Users/thiago/Documents/Thiago/CodeToAnalyze/moshi/moshi/src/test/java/com/squareup/moshi/JsonAdapterTest.java,com.squareup.moshi.JsonAdapterTest$Anonymous6,anonymous,2,2,0,2,2,1,0,0,1,0.0,0.0,0.0,2,0,2,0,0,0,2,0,0,0,0,0,0,0,0,0,0,0,0,8,0,0,0,0,0,0,0,0,0,0,0,0,0,0,10,-1,0
/Users/thiago/Documents/Thiago/CodeToAnalyze/moshi/moshi/src/test/java/com/squareup/moshi/JsonAdapterTest.java,com.squareup.moshi.JsonAdapterTest$Anonymous5,anonymous,2,2,0,2,3,1,0,3,1,0.0,0.0,0.0,2,0,2,0,0,0,2,0,0,0,0,0,0,0,0,0,0,0,0,12,0,1,0,0,0,0,0,0,0,0,1,0,0,0,13,-1,0
/Users/thiago/Documents/Thiago/CodeToAnalyze/moshi/moshi/src/test/java/com/squareup/moshi/ObjectAdapterTest.java,com.squareup.moshi.ObjectAdapterTest$Anonymous10,anonymous,3,3,0,3,2,1,0,2,1,0.0,0.0,0.0,2,0,2,0,0,0,2,0,0,0,0,0,0,0,0,0,0,0,1,9,1,0,0,0,0,2,0,0,0,0,0,0,0,0,14,-1,0
/Users/thiago/Documents/Thiago/CodeToAnalyze/moshi/moshi/src/test/java/com/squareup/moshi/JsonAdapterTest.java,com.squareup.moshi.JsonAdapterTest$Anonymous9,anonymous,3,3,0,3,2,1,0,1,1,0.0,0.0,0.0,2,0,2,0,0,0,2,0,0,0,0,0,0,0,0,0,0,0,0,8,1,0,0,0,0,0,0,0,0,0,0,0,0,0,13,-1,0
/Users/thiago/Documents/Thiago/CodeToAnalyze/moshi/moshi/src/test/java/com/squareup/moshi/MoshiTest.java,com.squareup.moshi.MoshiTest,class,27,28,1,27,137,3,0,55,1951,0.97619045,0.0,0.0,63,0,63,0,0,0,63,0,0,0,2,2,0,0,0,2,0,0,12,1125,0,2,0,60,1,328,60,166,17,149,3,5,11,0,266,17,0
/Users/thiago/Documents/Thiago/CodeToAnalyze/moshi/moshi/src/test/java/com/squareup/moshi/JsonAdapterTest.java,com.squareup.moshi.JsonAdapterTest$Anonymous4,anonymous,2,2,0,2,2,1,0,1,1,0.0,0.0,0.0,2,0,2,0,0,0,2,0,0,0,0,0,0,0,0,0,0,0,0,9,0,0,0,0,0,0,0,0,0,0,0,0,0,0,12,-1,0
/Users/thiago/Documents/Thiago/CodeToAnalyze/moshi/moshi/src/test/java/com/squareup/moshi/JsonAdapterTest.java,com.squareup.moshi.JsonAdapterTest$Anonymous3,anonymous,2,2,0,2,2,1,0,4,1,0.0,0.0,0.0,2,0,2,0,0,0,2,0,0,0,0,0,0,0,0,0,0,0,0,8,1,0,0,0,0,0,0,0,0,0,0,0,0,0,10,-1,0
/Users/thiago/Documents/Thiago/CodeToAnalyze/moshi/moshi/src/test/java/com/squareup/moshi/ClassJsonAdapterTest.java,com.squareup.moshi.ClassJsonAdapterTest$Box,innerclass,1,1,0,1,1,1,0,0,0,0.0,NaN,NaN,1,0,0,0,0,1,1,0,0,0,1,0,0,0,0,1,1,0,0,6,0,0,0,0,0,0,0,1,0,1,0,0,0,0,3,24,0
/Users/thiago/Documents/Thiago/CodeToAnalyze/moshi/moshi/src/test/java/com/squareup/moshi/JsonAdapterTest.java,com.squareup.moshi.JsonAdapterTest$Anonymous2,anonymous,2,2,0,2,2,1,0,4,1,0.0,0.0,0.0,2,0,2,0,0,0,2,0,0,0,0,0,0,0,0,0,0,0,0,8,1,0,0,0,0,0,0,0,0,0,0,0,0,0,10,-1,0
/Users/thiago/Documents/Thiago/CodeToAnalyze/moshi/moshi/src/test/java/com/squareup/moshi/JsonWriterPathTest.java,com.squareup.moshi.JsonWriterPathTest,class,7,7,0,7,10,1,0,17,0,0.1,0.8,0.8,10,1,10,0,0,0,10,0,0,0,1,0,1,0,0,0,0,0,1,192,1,0,0,0,0,93,6,9,0,10,0,0,0,0,35,17,0
/Users/thiago/Documents/Thiago/CodeToAnalyze/moshi/moshi/src/test/java/com/squareup/moshi/JsonAdapterTest.java,com.squareup.moshi.JsonAdapterTest$Anonymous1,anonymous,2,2,0,2,2,1,0,2,1,0.0,0.0,0.0,2,0,2,0,0,0,2,0,0,0,0,0,0,0,0,0,0,0,0,8,1,0,0,0,0,0,0,0,0,0,0,0,0,0,11,-1,0
/Users/thiago/Documents/Thiago/CodeToAnalyze/moshi/moshi/src/test/java/com/squareup/moshi/ClassJsonAdapterTest.java,com.squareup.moshi.ClassJsonAdapterTest$NoArgConstructorThrowsUncheckedException,innerclass,0,0,0,0,1,1,0,0,0,0.0,NaN,NaN,1,0,0,0,0,1,1,0,0,0,0,0,0,0,0,0,0,0,0,5,0,0,0,0,0,1,0,0,0,0,0,0,0,0,8,8,0
/Users/thiago/Documents/Thiago/CodeToAnalyze/moshi/moshi/src/test/java/com/squareup/moshi/AdapterMethodsTest.java,com.squareup.moshi.AdapterMethodsTest$JsonAdapterWithWriterAndReaderTakingJsonAdapterParameter,innerclass,7,7,0,7,2,1,0,4,1,0.0,0.0,0.0,2,0,0,0,0,2,2,0,0,0,0,0,0,0,0,0,0,0,0,15,1,0,0,0,0,0,0,2,0,2,0,0,0,0,20,8,0
/Users/thiago/Documents/Thiago/CodeToAnalyze/moshi/moshi/src/test/java/com/squareup/moshi/AdapterMethodsTest.java,com.squareup.moshi.AdapterMethodsTest$NullableIntToJsonAdapter,innerclass,4,4,0,4,4,1,0,5,1,0.0,0.0,0.0,2,0,0,0,0,2,2,0,0,0,0,0,0,0,0,0,0,0,0,17,2,0,2,0,0,0,2,0,0,0,1,0,0,0,14,8,0
/Users/thiago/Documents/Thiago/CodeToAnalyze/moshi/moshi/src/test/java/com/squareup/moshi/DeferredAdapterTest.java,com.squareup.moshi.DeferredAdapterTest$GreenNode,innerclass,2,2,0,2,1,1,0,0,0,0.0,NaN,NaN,1,0,0,0,0,1,1,0,0,0,1,0,0,0,0,1,0,0,0,6,0,0,0,0,0,0,0,1,0,1,0,0,0,0,4,8,0
/Users/thiago/Documents/Thiago/CodeToAnalyze/moshi/moshi-adapters/src/test/java/com/squareup/moshi/adapters/PolymorphicJsonAdapterFactoryTest.java,com.squareup.moshi.adapters.PolymorphicJsonAdapterFactoryTest$EmptyMessage,innerclass,1,1,0,1,1,1,0,0,0,0.0,NaN,NaN,1,0,1,0,0,0,1,0,0,0,0,0,0,0,0,0,0,0,0,5,1,0,0,0,0,1,0,0,0,0,0,0,0,0,4,24,0
/Users/thiago/Documents/Thiago/CodeToAnalyze/moshi/moshi/src/test/java/com/squareup/moshi/AdapterMethodsTest.java,com.squareup.moshi.AdapterMethodsTest$EnclosedParameterizedTypeJsonAdapter,innerclass,4,4,0,4,2,1,0,2,1,0.0,0.0,0.0,2,0,0,0,0,2,2,0,0,0,0,0,0,0,0,0,0,0,1,8,2,0,0,0,0,0,1,0,0,0,0,0,0,0,10,8,0
/Users/thiago/Documents/Thiago/CodeToAnalyze/moshi/moshi/src/test/java/com/squareup/moshi/RecursiveTypesResolveTest.java,com.squareup.moshi.RecursiveTypesResolveTest,class,4,4,0,4,5,1,0,6,10,0.0,0.0,0.0,5,0,5,0,0,0,5,0,0,0,0,0,0,0,0,0,0,0,0,24,0,0,0,0,0,0,0,1,0,1,0,0,2,0,60,17,0
/Users/thiago/Documents/Thiago/CodeToAnalyze/moshi/moshi/src/test/java/com/squareup/moshi/ClassJsonAdapterTest.java,com.squareup.moshi.ClassJsonAdapterTest$NullRootObject,innerclass,0,0,0,0,0,1,0,0,0,NaN,-1.0,-1.0,0,0,0,0,0,0,0,0,0,0,1,0,0,0,0,1,0,0,0,3,0,0,0,0,0,0,0,0,0,1,0,0,0,0,4,8,0
/Users/thiago/Documents/Thiago/CodeToAnalyze/moshi/moshi/src/test/java/com/squareup/moshi/TypesTest.java,com.squareup.moshi.TypesTest,class,23,24,1,23,47,1,0,51,528,0.9747475,0.0,0.0,33,1,32,1,0,0,32,0,0,0,6,0,0,1,0,5,0,0,9,270,3,1,1,10,1,35,7,33,3,37,2,0,12,0,138,17,0
/Users/thiago/Documents/Thiago/CodeToAnalyze/moshi/moshi/src/test/java/com/squareup/moshi/LinkedHashTreeMapTest.java,com.squareup.moshi.LinkedHashTreeMapTest,class,7,8,1,7,39,1,0,44,229,0.90909094,0.0,0.0,22,0,15,7,0,0,15,0,0,0,1,1,0,1,0,0,1,0,6,217,5,5,12,2,0,144,45,39,6,30,2,0,0,0,113,17,0
/Users/thiago/Documents/Thiago/CodeToAnalyze/moshi/moshi/src/test/java/com/squareup/moshi/ClassJsonAdapterTest.java,com.squareup.moshi.ClassJsonAdapterTest$MagicConstructorWithDefaultField,innerclass,0,0,0,0,1,1,0,0,0,1.0,NaN,NaN,1,0,1,0,0,0,1,0,0,0,2,0,0,0,0,2,0,0,0,7,0,0,0,0,0,0,1,1,0,2,0,0,0,0,11,8,0
/Users/thiago/Documents/Thiago/CodeToAnalyze/moshi/moshi/src/test/java/com/squareup/moshi/AdapterMethodsTest.java,com.squareup.moshi.AdapterMethodsTest$PointWriterAndReaderJsonAdapter,innerclass,5,5,0,5,2,1,0,4,1,0.0,0.0,0.0,2,0,0,0,0,2,2,0,0,0,0,0,0,0,0,0,0,0,0,15,1,0,0,0,0,0,0,2,0,2,0,0,0,0,15,8,0
/Users/thiago/Documents/Thiago/CodeToAnalyze/moshi/examples/src/main/java/com/squareup/moshi/recipes/FromJsonWithoutStrings.java,com.squareup.moshi.recipes.FromJsonWithoutStrings$Event,innerclass,0,0,0,0,1,1,0,0,0,0.0,NaN,NaN,1,0,1,0,0,0,1,0,0,0,2,0,0,0,0,2,0,0,0,7,1,0,0,0,0,3,0,0,2,2,0,0,0,0,8,25,0
/Users/thiago/Documents/Thiago/CodeToAnalyze/moshi/moshi/src/test/java/com/squareup/moshi/MoshiTest.java,com.squareup.moshi.MoshiTest$AppendingAdapterFactory$Anonymous6,anonymous,2,2,0,2,2,1,0,1,1,0.0,0.0,0.0,2,0,2,0,0,0,2,0,0,0,0,0,0,0,0,0,0,0,0,8,0,0,0,0,0,0,0,0,1,0,0,0,0,0,13,-1,0
/Users/thiago/Documents/Thiago/CodeToAnalyze/moshi/examples/src/main/java/com/squareup/moshi/recipes/CardAdapter.java,com.squareup.moshi.recipes.CardAdapter,class,4,5,1,4,7,1,0,4,1,0.0,0.0,0.0,2,0,0,0,0,2,2,0,0,0,0,0,0,0,0,0,0,0,0,21,5,0,1,0,0,2,5,1,3,1,1,0,0,0,9,17,0
/Users/thiago/Documents/Thiago/CodeToAnalyze/moshi/moshi/src/test/java/com/squareup/moshi/AdapterMethodsTest.java,com.squareup.moshi.AdapterMethodsTest$PointAsListOfIntegersToAdapter,innerclass,2,2,0,2,1,1,0,1,0,0.0,NaN,NaN,1,0,0,0,0,1,1,0,0,0,0,0,0,0,0,0,0,0,1,5,1,0,0,0,0,0,0,0,0,0,0,0,0,0,9,8,0
/Users/thiago/Documents/Thiago/CodeToAnalyze/moshi/moshi/src/test/java/com/squareup/moshi/MoshiTest.java,com.squareup.moshi.MoshiTest$HasPlatformType$ListWrapper,innerclass,1,1,0,1,0,1,0,0,0,NaN,-1.0,-1.0,0,0,0,0,0,0,0,0,0,0,1,0,0,0,0,1,0,0,0,3,0,0,0,0,0,0,0,0,0,1,0,0,0,0,4,24,0
/Users/thiago/Documents/Thiago/CodeToAnalyze/moshi/examples/src/main/java/com/squareup/moshi/recipes/FallbackEnum.java,com.squareup.moshi.recipes.FallbackEnum$Example,innerclass,2,2,0,2,2,1,0,1,0,0.0,1.0,1.0,2,0,1,0,0,1,2,0,0,0,1,0,0,0,0,1,1,0,0,10,1,0,0,0,0,1,0,1,0,1,0,0,1,0,12,24,0
/Users/thiago/Documents/Thiago/CodeToAnalyze/moshi/moshi/src/test/java/com/squareup/moshi/JsonAdapterTest.java,com.squareup.moshi.JsonAdapterTest$Anonymous11,anonymous,3,3,0,3,2,1,0,1,1,0.0,0.0,0.0,2,0,2,0,0,0,2,0,0,0,0,0,0,0,0,0,0,0,0,8,1,0,0,0,0,0,0,0,0,0,0,0,0,0,13,-1,0
/Users/thiago/Documents/Thiago/CodeToAnalyze/moshi/moshi/src/test/java/com/squareup/moshi/JsonAdapterTest.java,com.squareup.moshi.JsonAdapterTest$Anonymous10,anonymous,3,3,0,3,2,1,0,1,1,0.0,0.0,0.0,2,0,2,0,0,0,2,0,0,0,0,0,0,0,0,0,0,0,0,8,1,0,0,0,0,0,0,0,0,0,0,0,0,0,13,-1,0
/Users/thiago/Documents/Thiago/CodeToAnalyze/moshi/moshi/src/test/java/com/squareup/moshi/ClassJsonAdapterTest.java,com.squareup.moshi.ClassJsonAdapterTest$PrivateFieldsPizza,innerclass,0,0,0,0,0,1,0,0,0,NaN,-1.0,-1.0,0,0,0,0,0,0,0,0,0,0,1,0,0,1,0,0,0,0,0,3,0,0,0,0,0,0,0,0,0,1,0,0,0,0,5,8,0
/Users/thiago/Documents/Thiago/CodeToAnalyze/moshi/moshi/src/test/java/com/squareup/moshi/CircularAdaptersTest.java,com.squareup.moshi.CircularAdaptersTest$Node,innerclass,3,3,0,3,4,1,0,3,0,0.0,1.0,1.0,3,0,0,0,0,3,3,0,0,0,3,0,0,0,0,3,3,0,0,17,2,0,0,0,0,0,0,3,1,3,1,0,0,0,11,8,0
/Users/thiago/Documents/Thiago/CodeToAnalyze/moshi/moshi/src/test/java/com/squareup/moshi/ClassJsonAdapterTest.java,com.squareup.moshi.ClassJsonAdapterTest$Abstract,innerclass,0,0,0,0,0,1,0,0,0,0.0,-1.0,-1.0,0,0,0,0,0,0,0,0,0,0,0,0,0,0,0,0,0,0,0,2,0,0,0,0,0,0,0,0,0,0,0,0,0,0,1,1032,0
/Users/thiago/Documents/Thiago/CodeToAnalyze/moshi/moshi/src/test/java/com/squareup/moshi/ClassJsonAdapterTest.java,com.squareup.moshi.ClassJsonAdapterTest$BaseA,innerclass,0,0,0,0,0,1,0,0,0,NaN,-1.0,-1.0,0,0,0,0,0,0,0,0,0,0,1,0,0,0,0,1,0,0,0,3,0,0,0,0,0,0,0,0,0,1,0,0,0,0,3,8,0
/Users/thiago/Documents/Thiago/CodeToAnalyze/moshi/moshi/src/test/java/com/squareup/moshi/ClassJsonAdapterTest.java,com.squareup.moshi.ClassJsonAdapterTest$1Local,innerclass,0,0,0,0,0,1,0,0,0,0.0,-1.0,-1.0,0,0,0,0,0,0,0,0,0,0,0,0,0,0,0,0,0,0,0,2,0,0,0,0,0,0,0,0,0,0,0,0,0,0,1,0,0
/Users/thiago/Documents/Thiago/CodeToAnalyze/moshi/moshi/src/test/java/com/squareup/moshi/JsonQualifiersTest.java,com.squareup.moshi.JsonQualifiersTest$StringAndFooString,innerclass,1,1,0,1,0,1,0,0,0,NaN,-1.0,-1.0,0,0,0,0,0,0,0,0,0,0,2,0,0,0,0,2,0,0,0,4,0,0,0,0,0,0,0,0,0,2,0,0,0,0,5,8,0
/Users/thiago/Documents/Thiago/CodeToAnalyze/moshi/moshi/src/test/java/com/squareup/moshi/ClassJsonAdapterTest.java,com.squareup.moshi.ClassJsonAdapterTest$NoArgConstructor,innerclass,0,0,0,0,1,1,0,0,0,0.5,NaN,NaN,1,0,0,0,0,1,1,0,0,0,2,0,0,0,0,2,0,0,0,7,0,0,0,0,0,0,1,1,0,2,0,0,0,0,5,8,0
/Users/thiago/Documents/Thiago/CodeToAnalyze/moshi/moshi/src/test/java/com/squareup/moshi/AdapterMethodsTest.java,com.squareup.moshi.AdapterMethodsTest$PointAsListOfIntegersJsonAdapter,innerclass,3,3,0,3,3,1,0,3,1,0.0,0.0,0.0,2,0,0,0,0,2,2,0,0,0,0,0,0,0,0,0,0,0,1,9,2,0,1,0,0,1,3,0,1,0,1,0,0,0,15,8,0
/Users/thiago/Documents/Thiago/CodeToAnalyze/moshi/moshi/src/test/java/com/squareup/moshi/MapJsonAdapterTest.java,com.squareup.moshi.MapJsonAdapterTest,class,11,12,1,11,23,1,0,35,105,0.93333334,0.0,0.0,15,0,12,3,0,0,12,0,0,0,1,0,0,1,0,0,1,0,3,173,3,0,0,8,0,46,15,37,1,37,1,0,1,0,80,17,0
/Users/thiago/Documents/Thiago/CodeToAnalyze/moshi/moshi/src/test/java/com/squareup/moshi/AdapterMethodsTest.java,com.squareup.moshi.AdapterMethodsTest$MultipleLayersJsonAdapter,innerclass,3,3,0,3,8,1,0,11,6,0.0,0.0,0.0,4,0,0,0,0,4,4,0,0,0,0,0,0,0,0,0,0,0,2,24,4,2,2,0,0,3,4,2,1,2,2,0,0,0,24,8,0
/Users/thiago/Documents/Thiago/CodeToAnalyze/moshi/moshi/src/test/java/com/squareup/moshi/MoshiTest.java,com.squareup.moshi.MoshiTest$UppercaseAdapterFactory,innerclass,5,5,0,5,3,1,0,3,0,0.0,NaN,NaN,1,0,1,0,0,0,1,0,0,0,0,0,0,0,0,0,0,0,0,17,3,0,0,0,0,0,0,1,0,1,1,1,0,0,10,8,0
/Users/thiago/Documents/Thiago/CodeToAnalyze/moshi/examples/src/main/java/com/squareup/moshi/recipes/Unwrap.java,com.squareup.moshi.recipes.Unwrap$EnvelopeJsonAdapter$Anonymous1,anonymous,6,6,0,6,2,1,0,3,0,0.0,NaN,NaN,1,0,1,0,0,0,1,0,0,0,0,0,0,0,0,0,0,0,0,11,2,0,1,0,0,0,0,3,0,3,1,0,0,0,12,-1,0
/Users/thiago/Documents/Thiago/CodeToAnalyze/moshi/examples/src/main/java/com/squareup/moshi/recipes/MultipleFormats.java,com.squareup.moshi.recipes.MultipleFormats$MultipleFormatsCardAdapter,innerclass,7,7,0,7,3,1,0,3,1,0.0,0.0,0.0,2,0,0,0,0,2,2,0,0,0,0,0,0,0,0,0,0,0,0,13,2,0,1,0,0,0,0,0,0,0,1,0,0,0,22,17,0
/Users/thiago/Documents/Thiago/CodeToAnalyze/moshi/examples/src/main/java/com/squareup/moshi/recipes/IncludeNullsForAnnotatedTypes.java,com.squareup.moshi.recipes.IncludeNullsForAnnotatedTypes$AlwaysSerializeNullsFactory,innerclass,4,4,0,4,2,1,0,4,0,0.0,NaN,NaN,1,0,1,0,0,0,1,0,0,0,0,0,0,0,0,0,0,0,0,10,2,0,0,0,0,0,0,2,0,2,1,0,0,0,13,8,0
/Users/thiago/Documents/Thiago/CodeToAnalyze/moshi/moshi/src/test/java/com/squareup/moshi/ClassJsonAdapterTest.java,com.squareup.moshi.ClassJsonAdapterTest$MagicConstructor,innerclass,0,0,0,0,1,1,0,0,0,1.0,NaN,NaN,1,0,1,0,0,0,1,0,0,0,1,0,0,0,0,1,0,0,0,6,0,0,0,0,0,0,0,0,0,1,0,0,0,0,7,8,0
/Users/thiago/Documents/Thiago/CodeToAnalyze/moshi/moshi/src/test/java/com/squareup/moshi/MoshiTest.java,com.squareup.moshi.MoshiTest$Pizza,innerclass,1,1,0,1,6,1,0,0,0,0.0,1.0,1.0,3,0,2,0,0,1,3,0,0,0,2,0,0,0,0,2,2,0,0,14,2,0,2,0,3,0,2,2,1,2,0,0,0,0,9,8,0
/Users/thiago/Documents/Thiago/CodeToAnalyze/moshi/moshi/src/test/java/com/squareup/moshi/ClassJsonAdapterTest.java,com.squareup.moshi.ClassJsonAdapterTest$TransientBaseA,innerclass,0,0,0,0,0,1,0,0,0,NaN,-1.0,-1.0,0,0,0,0,0,0,0,0,0,0,1,0,0,0,0,1,0,0,0,3,0,0,0,0,0,0,0,0,0,1,0,0,0,0,4,8,0
/Users/thiago/Documents/Thiago/CodeToAnalyze/moshi/examples/src/main/java/com/squareup/moshi/recipes/CustomFieldName.java,com.squareup.moshi.recipes.CustomFieldName,class,4,5,1,4,2,1,0,5,1,0.0,0.0,0.0,2,1,2,0,0,0,2,0,0,0,0,0,0,0,0,0,0,0,0,12,0,0,0,0,0,5,0,4,1,4,0,0,0,0,13,17,0
/Users/thiago/Documents/Thiago/CodeToAnalyze/moshi/moshi/src/test/java/com/squareup/moshi/PromoteNameToValueTest.java,com.squareup.moshi.PromoteNameToValueTest,class,9,9,0,9,32,1,0,29,0,0.041666668,0.9166667,0.9166667,24,1,24,0,0,0,24,0,0,0,1,0,1,0,0,0,0,0,1,319,1,0,0,8,0,101,28,23,0,24,1,0,0,0,71,17,0
/Users/thiago/Documents/Thiago/CodeToAnalyze/moshi/moshi/src/test/java/com/squareup/moshi/ObjectAdapterTest.java,com.squareup.moshi.ObjectAdapterTest$Delivery,innerclass,0,0,0,0,0,1,0,0,0,NaN,-1.0,-1.0,0,0,0,0,0,0,0,0,0,0,2,0,0,0,0,2,0,0,0,4,0,0,0,0,0,0,0,0,0,2,0,0,0,0,3,8,0
/Users/thiago/Documents/Thiago/CodeToAnalyze/moshi/examples/src/main/java/com/squareup/moshi/recipes/ReadJsonList.java,com.squareup.moshi.recipes.ReadJsonList,class,4,5,1,4,2,1,0,6,1,0.0,0.0,0.0,2,1,2,0,0,0,2,0,0,0,0,0,0,0,0,0,0,0,0,13,0,0,0,0,0,15,0,5,1,5,0,0,0,0,16,17,0
/Users/thiago/Documents/Thiago/CodeToAnalyze/moshi/moshi/src/test/java/com/squareup/moshi/JsonValueReaderTest.java,com.squareup.moshi.JsonValueReaderTest,class,4,4,0,4,44,1,0,43,276,0.0,0.0,0.0,24,0,24,0,0,0,24,0,0,0,0,0,0,0,0,0,0,0,26,374,0,4,0,16,0,99,20,40,5,38,1,0,0,0,84,17,0
/Users/thiago/Documents/Thiago/CodeToAnalyze/moshi/moshi/src/test/java/com/squareup/moshi/AdapterMethodsTest.java,com.squareup.moshi.AdapterMethodsTest$EmptyJsonAdapter,innerclass,0,0,0,0,0,1,0,0,0,0.0,-1.0,-1.0,0,0,0,0,0,0,0,0,0,0,0,0,0,0,0,0,0,0,0,2,0,0,0,0,0,0,0,0,0,0,0,0,0,0,3,8,0
/Users/thiago/Documents/Thiago/CodeToAnalyze/moshi/moshi/src/test/java/com/squareup/moshi/JsonQualifiersTest.java,com.squareup.moshi.JsonQualifiersTest$DateAndMillisDate,innerclass,1,1,0,1,0,1,0,0,0,NaN,-1.0,-1.0,0,0,0,0,0,0,0,0,0,0,2,0,0,0,0,2,0,0,0,4,0,0,0,0,0,0,0,0,0,2,0,0,0,0,5,8,0
/Users/thiago/Documents/Thiago/CodeToAnalyze/moshi/moshi/src/test/java/com/squareup/moshi/TypesTest.java,com.squareup.moshi.TypesTest$RecursiveTypeVars,innerclass,1,1,0,1,0,1,0,0,0,NaN,-1.0,-1.0,0,0,0,0,0,0,0,0,0,0,1,0,0,0,0,1,0,0,0,3,0,0,0,0,0,0,0,0,0,1,0,0,0,0,3,26,0
/Users/thiago/Documents/Thiago/CodeToAnalyze/moshi/moshi/src/test/java/com/squareup/moshi/ClassJsonAdapterTest.java,com.squareup.moshi.ClassJsonAdapterTest$NullFieldValue,innerclass,0,0,0,0,0,1,0,0,0,NaN,-1.0,-1.0,0,0,0,0,0,0,0,0,0,0,1,0,0,0,0,1,0,0,0,3,0,0,0,0,0,1,0,1,0,1,0,0,0,0,4,8,0
/Users/thiago/Documents/Thiago/CodeToAnalyze/moshi/moshi/src/test/java/com/squareup/moshi/JsonValueWriterTest.java,com.squareup.moshi.JsonValueWriterTest$Anonymous1,anonymous,0,0,0,0,5,1,0,0,10,0.0,0.0,0.0,5,0,5,0,0,0,5,0,0,0,0,0,0,0,0,0,0,0,0,17,1,0,0,0,0,0,0,0,0,0,0,0,0,0,10,-1,0
/Users/thiago/Documents/Thiago/CodeToAnalyze/moshi/moshi/src/test/java/com/squareup/moshi/DeferredAdapterTest.java,com.squareup.moshi.DeferredAdapterTest$Anonymous1$Anonymous2,anonymous,3,3,0,3,1,1,0,4,0,0.0,NaN,NaN,1,0,1,0,0,0,1,0,0,0,0,0,0,0,0,0,0,0,0,8,0,0,0,0,0,2,0,2,0,2,0,0,0,0,9,-1,0
/Users/thiago/Documents/Thiago/CodeToAnalyze/moshi/moshi/src/test/java/com/squareup/moshi/AdapterMethodsTest.java,com.squareup.moshi.AdapterMethodsTest$NotNullablePointAsListOfIntegersJsonAdapter,innerclass,3,3,0,3,2,1,0,0,1,0.0,0.0,0.0,2,0,0,0,0,2,2,0,0,0,0,0,0,0,0,0,0,0,0,8,0,0,0,0,0,0,0,0,0,0,0,0,0,0,16,8,0
/Users/thiago/Documents/Thiago/CodeToAnalyze/moshi/examples/src/main/java/com/squareup/moshi/recipes/FallbackEnum.java,com.squareup.moshi.recipes.FallbackEnum,class,4,4,0,4,2,2,0,5,1,0.0,NaN,NaN,2,1,1,1,0,0,1,0,0,0,0,0,0,0,0,0,0,0,0,74,0,0,0,0,0,1,0,2,0,2,0,0,2,0,18,16,0
/Users/thiago/Documents/Thiago/CodeToAnalyze/moshi/moshi/src/test/java/com/squareup/moshi/AdapterMethodsTest.java,com.squareup.moshi.AdapterMethodsTest$PointAsListOfIntegersFromAdapter,innerclass,2,2,0,2,2,1,0,2,0,0.0,NaN,NaN,1,0,0,0,0,1,1,0,0,0,0,0,0,0,0,0,0,0,0,6,1,0,1,0,0,1,3,0,1,0,1,0,0,0,14,8,0
/Users/thiago/Documents/Thiago/CodeToAnalyze/moshi/moshi/src/test/java/com/squareup/moshi/ClassJsonAdapterTest.java,com.squareup.moshi.ClassJsonAdapterTest$Interface,interface,0,0,0,0,0,1,0,0,0,0.0,-1.0,-1.0,0,0,0,0,0,0,0,0,0,0,0,0,0,0,0,0,0,0,0,2,0,0,0,0,0,0,0,0,0,0,0,0,0,0,1,0,0
/Users/thiago/Documents/Thiago/CodeToAnalyze/moshi/examples/src/main/java/com/squareup/moshi/recipes/CustomQualifier.java,com.squareup.moshi.recipes.CustomQualifier$Rectangle,innerclass,1,1,0,1,1,1,0,1,0,0.0,NaN,NaN,1,0,1,0,0,0,1,0,0,0,3,0,0,0,0,3,0,0,1,8,1,0,0,0,0,1,0,0,0,3,0,0,0,0,6,8,0
/Users/thiago/Documents/Thiago/CodeToAnalyze/moshi/moshi/src/test/java/com/squareup/moshi/AdapterMethodsTest.java,com.squareup.moshi.AdapterMethodsTest$ByteArrayJsonAdapter,innerclass,3,3,0,3,2,1,0,4,1,0.0,0.0,0.0,2,0,0,0,0,2,2,0,0,0,0,0,0,0,0,0,0,0,0,8,2,0,0,0,0,0,0,0,0,0,0,0,0,0,10,8,0
/Users/thiago/Documents/Thiago/CodeToAnalyze/moshi/moshi/src/test/java/com/squareup/moshi/TestUtil.java,com.squareup.moshi.TestUtil,class,3,10,7,3,5,1,0,6,6,1.0,0.0,0.0,4,3,0,1,0,3,3,0,0,0,1,1,0,0,0,1,1,0,1,22,3,1,0,0,0,1,2,5,1,5,1,0,0,0,27,16,0
/Users/thiago/Documents/Thiago/CodeToAnalyze/moshi/moshi/src/test/java/com/squareup/moshi/CircularAdaptersTest.java,com.squareup.moshi.CircularAdaptersTest,class,9,9,0,9,2,1,0,7,1,0.0,0.0,0.0,2,0,2,0,0,0,2,0,0,0,0,0,0,0,0,0,0,0,0,86,0,0,0,0,0,32,6,8,4,8,0,0,4,0,32,17,0
/Users/thiago/Documents/Thiago/CodeToAnalyze/moshi/examples/src/main/java/com/squareup/moshi/recipes/CustomTypeAdapter.java,com.squareup.moshi.recipes.CustomTypeAdapter,class,5,6,1,5,2,1,0,6,1,0.0,0.0,0.0,2,1,2,0,0,0,2,0,0,0,0,0,0,0,0,0,0,0,0,12,0,0,0,0,0,8,0,4,1,4,0,0,0,0,14,17,0
/Users/thiago/Documents/Thiago/CodeToAnalyze/moshi/examples/src/main/java/com/squareup/moshi/recipes/CustomAdapterFactory.java,com.squareup.moshi.recipes.CustomAdapterFactory,class,5,6,1,5,2,2,0,8,1,0.0,0.0,0.0,2,1,2,0,0,0,2,0,0,0,0,0,0,0,0,0,0,0,0,54,0,0,0,0,0,3,0,4,0,4,0,0,2,0,13,17,0
/Users/thiago/Documents/Thiago/CodeToAnalyze/moshi/moshi/src/test/java/com/squareup/moshi/MoshiTest.java,com.squareup.moshi.MoshiTest$AppendingAdapterFactory,innerclass,4,4,0,4,3,1,0,1,1,0.5,0.0,0.0,2,0,1,0,0,1,2,0,0,0,1,0,0,1,0,0,1,0,0,19,2,0,1,0,0,0,0,2,0,2,1,1,0,0,18,24,0
/Users/thiago/Documents/Thiago/CodeToAnalyze/moshi/examples/src/main/java/com/squareup/moshi/recipes/CustomAdapterFactory.java,com.squareup.moshi.recipes.CustomAdapterFactory$SortedSetAdapter,innerclass,4,4,0,4,5,2,0,6,0,0.0,1.0,1.0,3,0,2,0,0,1,3,0,0,0,1,0,0,1,0,0,1,0,0,22,1,2,0,0,0,0,0,2,0,2,1,0,0,0,43,24,0
/Users/thiago/Documents/Thiago/CodeToAnalyze/moshi/moshi/src/test/java/com/squareup/moshi/AdapterMethodsTest.java,com.squareup.moshi.AdapterMethodsTest$PointWithParensJsonAdapter,innerclass,5,5,0,5,3,1,0,6,1,0.0,0.0,0.0,2,0,0,0,0,2,2,0,0,0,0,0,0,0,0,0,0,0,4,10,2,0,0,0,0,2,2,1,0,1,1,0,0,0,15,8,0
/Users/thiago/Documents/Thiago/CodeToAnalyze/moshi/moshi-adapters/src/test/java/com/squareup/moshi/adapters/PolymorphicJsonAdapterFactoryTest.java,com.squareup.moshi.adapters.PolymorphicJsonAdapterFactoryTest$Success,innerclass,2,2,0,2,5,1,0,2,0,0.0,1.0,1.0,3,0,2,0,0,1,3,0,0,0,1,0,0,0,0,1,1,0,0,15,4,0,1,0,1,0,0,2,0,2,1,0,0,0,11,24,0
/Users/thiago/Documents/Thiago/CodeToAnalyze/moshi/moshi/src/test/java/com/squareup/moshi/DeferredAdapterTest.java,com.squareup.moshi.DeferredAdapterTest$BlueNode,innerclass,3,3,0,3,1,1,0,0,0,0.0,NaN,NaN,1,0,0,0,0,1,1,0,0,0,2,0,0,0,0,2,0,0,0,8,0,0,0,0,0,0,0,2,0,2,0,0,0,0,6,8,0
/Users/thiago/Documents/Thiago/CodeToAnalyze/moshi/examples/src/main/java/com/squareup/moshi/recipes/CustomQualifier.java,com.squareup.moshi.recipes.CustomQualifier,class,6,7,1,6,2,1,0,6,1,0.0,0.0,0.0,2,1,2,0,0,0,2,0,0,0,0,0,0,0,0,0,0,0,0,29,0,0,0,0,0,6,0,4,1,4,0,0,2,0,21,17,0
/Users/thiago/Documents/Thiago/CodeToAnalyze/moshi/moshi/src/test/java/com/squareup/moshi/TypesTest.java,com.squareup.moshi.TypesTest$TestType2,innerclass,1,1,0,1,0,1,0,0,0,NaN,-1.0,-1.0,0,0,0,0,0,0,0,0,0,0,1,0,0,0,0,1,0,0,0,3,0,0,0,0,0,0,0,0,0,1,0,0,0,0,4,10,0
/Users/thiago/Documents/Thiago/CodeToAnalyze/moshi/moshi/records-tests/src/test/java/com/squareup/moshi/records/RecordsTest.java,com.squareup.moshi.records.RecordsTest$ColorAdapter,innerclass,3,3,0,3,2,1,0,3,1,0.0,0.0,0.0,2,0,2,0,0,0,2,0,0,0,0,0,0,0,0,0,0,0,2,8,2,0,0,0,0,1,2,0,0,0,0,0,0,0,12,9,0
/Users/thiago/Documents/Thiago/CodeToAnalyze/moshi/moshi/src/test/java/com/squareup/moshi/CircularAdaptersTest.java,com.squareup.moshi.CircularAdaptersTest$PrefixingNodeFactory$Anonymous1,anonymous,3,3,0,3,2,1,0,4,1,0.0,0.0,0.0,2,0,2,0,0,0,2,0,0,0,0,0,0,0,0,0,0,0,0,9,1,0,0,0,0,0,0,1,0,1,0,0,0,0,13,-1,0
/Users/thiago/Documents/Thiago/CodeToAnalyze/moshi/moshi/src/test/java/com/squareup/moshi/MoshiTest.java,com.squareup.moshi.MoshiTest$Message,innerclass,1,1,0,1,0,1,0,0,0,NaN,-1.0,-1.0,0,0,0,0,0,0,0,0,0,0,2,0,0,0,0,2,0,0,0,4,0,0,0,0,0,0,0,0,0,2,0,0,0,0,3,8,0
/Users/thiago/Documents/Thiago/CodeToAnalyze/moshi/moshi/src/test/java/com/squareup/moshi/AdapterMethodsTest.java,com.squareup.moshi.AdapterMethodsTest$ConflictingsFromJsonAdapter,innerclass,2,2,0,2,2,1,0,0,1,0.0,0.0,0.0,2,0,0,0,0,2,2,0,0,0,0,0,0,0,0,0,0,0,0,8,0,0,0,0,0,0,0,0,0,0,0,0,0,0,10,8,0
/Users/thiago/Documents/Thiago/CodeToAnalyze/moshi/examples/src/main/java/com/squareup/moshi/recipes/MultipleFormats.java,com.squareup.moshi.recipes.MultipleFormats,class,7,8,1,7,2,1,0,7,1,0.0,0.0,0.0,2,1,2,0,0,0,2,0,0,0,0,0,0,0,0,0,0,0,0,47,0,0,0,0,0,2,0,2,0,2,0,0,2,0,12,17,0
/Users/thiago/Documents/Thiago/CodeToAnalyze/moshi/moshi/records-tests/src/test/java/com/squareup/moshi/records/RecordsTest.java,com.squareup.moshi.records.RecordsTest,class,21,22,1,21,33,1,0,27,17,0.84868425,0.25296444,0.4743083,19,0,19,0,0,0,23,0,0,0,8,0,3,1,0,4,1,0,14,145,4,0,6,4,0,34,20,30,6,35,1,1,1,0,110,17,0
/Users/thiago/Documents/Thiago/CodeToAnalyze/moshi/moshi/src/test/java/com/squareup/moshi/MoshiTest.java,com.squareup.moshi.MoshiTest$PizzaAdapter,innerclass,4,4,0,4,5,2,0,10,1,0.0,0.0,0.0,2,0,2,0,0,0,2,0,0,0,0,0,0,0,0,0,0,0,0,27,1,1,0,0,0,4,1,5,0,3,2,0,0,0,17,8,0
/Users/thiago/Documents/Thiago/CodeToAnalyze/moshi/moshi/src/test/java/com/squareup/moshi/ClassJsonAdapterTest.java,com.squareup.moshi.ClassJsonAdapterTest$Anonymous1,anonymous,0,0,0,0,1,1,0,0,0,0.0,NaN,NaN,1,0,1,0,0,0,1,0,0,0,0,0,0,0,0,0,0,0,0,5,1,0,0,0,0,0,1,0,0,0,0,0,0,0,3,-1,0
/Users/thiago/Documents/Thiago/CodeToAnalyze/moshi/moshi-adapters/src/test/java/com/squareup/moshi/adapters/EnumJsonAdapterTest.java,com.squareup.moshi.adapters.EnumJsonAdapterTest,class,5,5,0,5,6,1,0,12,10,0.0,0.0,0.0,5,0,5,0,0,0,5,0,0,0,0,0,0,0,0,0,0,0,0,37,0,0,0,1,0,9,0,8,0,8,1,0,1,0,40,17,0
/Users/thiago/Documents/Thiago/CodeToAnalyze/moshi/moshi/src/test/java/com/squareup/moshi/AdapterMethodsTest.java,com.squareup.moshi.AdapterMethodsTest$ExceptionThrowingPointJsonAdapter,innerclass,5,5,0,5,4,1,0,3,1,0.0,0.0,0.0,2,0,0,0,0,2,2,0,0,0,0,0,0,0,0,0,0,0,0,10,1,0,2,0,0,2,0,0,0,0,1,0,0,0,13,8,0
/Users/thiago/Documents/Thiago/CodeToAnalyze/moshi/moshi/src/test/java/com/squareup/moshi/JsonQualifiersTest.java,com.squareup.moshi.JsonQualifiersTest$FromButNoToJsonAdapter,innerclass,3,3,0,3,2,1,0,2,0,0.0,NaN,NaN,1,0,0,0,0,1,1,0,0,0,0,0,0,0,0,0,0,0,0,6,1,0,0,0,0,1,1,0,0,0,1,0,0,0,12,8,0
/Users/thiago/Documents/Thiago/CodeToAnalyze/moshi/moshi/src/test/java/com/squareup/moshi/AdapterMethodsTest.java,com.squareup.moshi.AdapterMethodsTest$PointJsonAdapterWithDelegate,innerclass,6,6,0,6,2,1,0,4,1,0.0,0.0,0.0,2,0,0,0,0,2,2,0,0,0,0,0,0,0,0,0,0,0,0,13,1,0,0,0,0,0,0,1,0,1,0,0,0,0,15,26,0
/Users/thiago/Documents/Thiago/CodeToAnalyze/moshi/moshi/src/test/java/com/squareup/moshi/AdapterMethodsTest.java,com.squareup.moshi.AdapterMethodsTest$MapOfByteArrays,innerclass,2,2,0,2,6,1,0,11,4,0.5,0.16666667,0.16666667,4,0,4,0,0,0,4,0,0,0,1,0,0,0,0,1,1,0,1,20,3,1,0,0,0,2,1,2,0,2,2,0,0,0,15,8,0
/Users/thiago/Documents/Thiago/CodeToAnalyze/moshi/examples/src/main/java/com/squareup/moshi/recipes/ReadAndWriteRfc3339Dates.java,com.squareup.moshi.recipes.ReadAndWriteRfc3339Dates,class,5,6,1,5,3,1,0,13,3,0.0,0.0,0.0,3,1,2,1,0,0,2,0,0,0,0,0,0,0,0,0,0,0,1,19,1,0,0,0,0,11,9,5,5,5,0,0,0,0,24,17,0
/Users/thiago/Documents/Thiago/CodeToAnalyze/moshi/moshi/src/test/java/com/squareup/moshi/JsonAdapterTest.java,com.squareup.moshi.JsonAdapterTest,class,10,10,0,10,20,1,0,31,61,0.5714286,0.16483517,0.16483517,14,1,14,0,0,0,14,0,0,0,1,0,1,0,0,0,0,0,3,238,1,0,0,6,0,39,0,22,1,23,1,11,0,0,85,17,0
/Users/thiago/Documents/Thiago/CodeToAnalyze/moshi/examples/src/main/java/com/squareup/moshi/recipes/IncludeNullsForAnnotatedTypes.java,com.squareup.moshi.recipes.IncludeNullsForAnnotatedTypes,class,7,8,1,7,2,1,0,6,1,0.0,0.0,0.0,2,1,2,0,0,0,2,0,0,0,0,0,0,0,0,0,0,0,0,39,0,0,0,0,0,3,0,10,0,4,0,0,3,0,29,17,0
/Users/thiago/Documents/Thiago/CodeToAnalyze/moshi/moshi/src/test/java/com/squareup/moshi/ClassJsonAdapterTest.java,com.squareup.moshi.ClassJsonAdapterTest$DessertPizza,innerclass,1,1,0,1,0,2,0,0,0,NaN,-1.0,-1.0,0,0,0,0,0,0,0,0,0,0,1,0,0,0,0,1,0,0,0,3,0,0,0,0,0,0,0,0,0,1,0,0,0,0,4,8,0
/Users/thiago/Documents/Thiago/CodeToAnalyze/moshi/moshi/src/test/java/com/squareup/moshi/JsonUtf8ReaderTest.java,com.squareup.moshi.JsonUtf8ReaderTest,class,11,12,1,11,188,1,0,44,5050,0.0,0.0,0.0,101,0,98,3,0,0,98,0,0,0,0,0,0,0,0,0,0,0,121,1258,0,4,9,77,0,287,32,147,18,125,3,1,0,0,257,17,0
/Users/thiago/Documents/Thiago/CodeToAnalyze/moshi/moshi/src/test/java/com/squareup/moshi/AdapterMethodsTest.java,com.squareup.moshi.AdapterMethodsTest,class,40,41,1,40,41,1,0,23,435,0.0,0.0,0.0,30,0,29,0,0,1,30,0,0,0,0,0,0,0,0,0,0,0,3,605,1,0,0,11,0,82,52,61,7,61,1,5,30,0,181,17,0
/Users/thiago/Documents/Thiago/CodeToAnalyze/moshi/examples/src/main/java/com/squareup/moshi/recipes/models/Suit.java,com.squareup.moshi.recipes.models.Suit,enum,0,2,2,0,1,1,0,2,0,0.0,NaN,NaN,1,0,1,0,0,0,1,0,0,0,0,0,0,0,0,0,0,0,0,4,1,0,0,0,0,0,2,0,0,0,0,0,0,0,10,1,0
/Users/thiago/Documents/Thiago/CodeToAnalyze/moshi/moshi-adapters/src/test/java/com/squareup/moshi/adapters/Rfc3339DateJsonAdapterTest.java,com.squareup.moshi.adapters.Rfc3339DateJsonAdapterTest,class,4,5,1,4,5,1,0,12,0,0.2,1.0,1.0,5,0,4,1,0,0,4,0,0,0,1,0,0,1,0,0,1,0,1,32,1,0,0,0,0,16,109,2,6,2,0,0,0,0,22,17,0
/Users/thiago/Documents/Thiago/CodeToAnalyze/moshi/moshi/src/test/java/com/squareup/moshi/JsonValueSourceTest.java,com.squareup.moshi.JsonValueSourceTest,class,4,5,1,4,30,1,0,9,136,0.0,0.0,0.0,17,0,16,1,0,0,16,0,0,0,0,0,0,0,0,0,0,0,0,154,1,0,0,13,0,67,0,6,1,6,1,0,0,0,51,17,0
/Users/thiago/Documents/Thiago/CodeToAnalyze/moshi/moshi/src/test/java/com/squareup/moshi/ClassJsonAdapterTest.java,com.squareup.moshi.ClassJsonAdapterTest$BasePizza,innerclass,0,0,0,0,0,1,0,0,0,NaN,-1.0,-1.0,0,0,0,0,0,0,0,0,0,0,1,0,0,0,0,1,0,0,0,3,0,0,0,0,0,0,0,0,0,1,0,0,0,0,3,8,0
/Users/thiago/Documents/Thiago/CodeToAnalyze/moshi/moshi/src/test/java/com/squareup/moshi/JsonQualifiersTest.java,com.squareup.moshi.JsonQualifiersTest$StringAndFooBazString,innerclass,2,2,0,2,0,1,0,0,0,NaN,-1.0,-1.0,0,0,0,0,0,0,0,0,0,0,2,0,0,0,0,2,0,0,0,4,0,0,0,0,0,0,0,0,0,2,0,0,0,0,6,8,0
/Users/thiago/Documents/Thiago/CodeToAnalyze/moshi/moshi/src/test/java/com/squareup/moshi/MapJsonAdapterTest.java,com.squareup.moshi.MapJsonAdapterTest$Key,innerclass,0,0,0,0,0,1,0,0,0,0.0,-1.0,-1.0,0,0,0,0,0,0,0,0,0,0,0,0,0,0,0,0,0,0,0,2,0,0,0,0,0,0,0,0,0,0,0,0,0,0,1,24,0
/Users/thiago/Documents/Thiago/CodeToAnalyze/moshi/moshi/src/test/java/com/squareup/moshi/TypesTest.java,com.squareup.moshi.TypesTest$TestNonJsonClass,innerclass,0,0,0,0,0,1,0,0,0,0.0,-1.0,-1.0,0,0,0,0,0,0,0,0,0,0,0,0,0,0,0,0,0,0,0,2,0,0,0,0,0,0,0,0,0,0,0,0,0,0,4,8,0
/Users/thiago/Documents/Thiago/CodeToAnalyze/moshi/examples/src/main/java/com/squareup/moshi/recipes/models/BlackjackHand.java,com.squareup.moshi.recipes.models.BlackjackHand,class,1,4,3,1,2,1,0,0,0,0.0,1.0,1.0,2,0,2,0,0,0,2,0,0,0,2,0,2,0,0,0,2,0,0,11,1,0,0,0,0,2,0,2,1,2,0,0,0,0,10,17,0
/Users/thiago/Documents/Thiago/CodeToAnalyze/moshi/examples/src/main/java/com/squareup/moshi/recipes/models/Tournament.java,com.squareup.moshi.recipes.models.Tournament,class,0,3,3,0,2,1,0,0,0,0.0,1.0,1.0,2,0,2,0,0,0,2,0,0,0,3,0,3,0,0,0,3,0,0,13,1,0,0,0,0,2,0,3,1,3,0,0,0,0,9,17,0
/Users/thiago/Documents/Thiago/CodeToAnalyze/moshi/moshi/src/test/java/com/squareup/moshi/JsonQualifiersTest.java,com.squareup.moshi.JsonQualifiersTest$Anonymous2,anonymous,2,2,0,2,2,1,0,0,1,0.0,0.0,0.0,2,0,2,0,0,0,2,0,0,0,0,0,0,0,0,0,0,0,0,8,0,0,0,0,0,0,0,0,0,0,0,0,0,0,13,-1,0
/Users/thiago/Documents/Thiago/CodeToAnalyze/moshi/moshi/src/test/java/com/squareup/moshi/JsonQualifiersTest.java,com.squareup.moshi.JsonQualifiersTest$Anonymous1,anonymous,3,3,0,3,3,1,0,4,1,0.0,0.0,0.0,2,0,2,0,0,0,2,0,0,0,0,0,0,0,0,0,0,0,0,10,1,0,0,0,0,2,1,1,1,1,1,0,0,0,12,-1,0
/Users/thiago/Documents/Thiago/CodeToAnalyze/moshi/moshi/src/test/java/com/squareup/moshi/AdapterMethodsTest.java,com.squareup.moshi.AdapterMethodsTest$Box,innerclass,2,2,0,2,3,1,0,2,0,0.0,1.0,1.0,3,0,3,0,0,0,3,0,0,0,1,0,0,0,0,1,1,0,0,12,2,0,0,0,1,0,0,1,0,1,0,0,0,0,8,8,0
/Users/thiago/Documents/Thiago/CodeToAnalyze/moshi/moshi/src/test/java/com/squareup/moshi/ClassJsonAdapterTest.java,com.squareup.moshi.ClassJsonAdapterTest$NoArgConstructorWithDefaultField,innerclass,0,0,0,0,0,1,0,0,0,NaN,-1.0,-1.0,0,0,0,0,0,0,0,0,0,0,2,0,0,0,0,2,0,0,0,4,0,0,0,0,0,0,1,1,0,2,0,0,0,0,8,8,0
/Users/thiago/Documents/Thiago/CodeToAnalyze/moshi/moshi/src/test/java/com/squareup/moshi/ClassJsonAdapterTest.java,com.squareup.moshi.ClassJsonAdapterTest$ExtendsBaseAbcde,innerclass,1,1,0,1,0,2,0,0,0,NaN,-1.0,-1.0,0,0,0,0,0,0,0,0,0,0,2,0,0,0,0,2,0,0,0,4,0,0,0,0,0,0,0,0,0,2,0,0,0,0,5,8,0
/Users/thiago/Documents/Thiago/CodeToAnalyze/moshi/examples/src/main/java/com/squareup/moshi/recipes/FallbackEnum.java,com.squareup.moshi.recipes.FallbackEnum$FallbackEnumJsonAdapter,innerclass,6,6,0,6,7,2,0,11,0,0.5416667,0.6666667,1.0,4,0,3,0,0,1,4,0,0,0,6,1,1,0,0,5,6,0,1,52,3,1,1,1,0,3,2,10,1,9,2,1,0,0,40,25,0
/Users/thiago/Documents/Thiago/CodeToAnalyze/moshi/examples/src/main/java/com/squareup/moshi/recipes/CustomQualifier.java,com.squareup.moshi.recipes.CustomQualifier$ColorAdapter,innerclass,3,3,0,3,2,1,0,3,1,0.0,0.0,0.0,2,0,0,0,0,2,2,0,0,0,0,0,0,0,0,0,0,0,2,8,2,0,0,0,0,1,2,0,0,0,0,0,0,0,6,8,0
/Users/thiago/Documents/Thiago/CodeToAnalyze/moshi/moshi/src/test/java/com/squareup/moshi/JsonQualifiersTest.java,com.squareup.moshi.JsonQualifiersTest$BuiltInTypesWithMultipleAnnotationsJsonAdapter,innerclass,5,5,0,5,4,1,0,4,1,0.0,0.0,0.0,2,0,0,0,0,2,2,0,0,0,0,0,0,0,0,0,0,0,0,10,2,0,0,0,0,4,2,0,2,0,1,0,0,0,19,8,0
/Users/thiago/Documents/Thiago/CodeToAnalyze/moshi/moshi-adapters/src/test/java/com/squareup/moshi/adapters/EnumJsonAdapterTest.java,com.squareup.moshi.adapters.EnumJsonAdapterTest$Roshambo,enum,1,1,0,1,0,1,0,0,0,0.0,-1.0,-1.0,0,0,0,0,0,0,0,0,0,0,0,0,0,0,0,0,0,0,0,1,0,0,0,0,0,1,0,0,0,0,0,0,0,0,8,0,0
/Users/thiago/Documents/Thiago/CodeToAnalyze/moshi/examples/src/main/java/com/squareup/moshi/recipes/ByteStrings.java,com.squareup.moshi.recipes.ByteStrings$Base64ByteStringAdapter,innerclass,4,4,0,4,2,2,0,4,1,0.0,0.0,0.0,2,0,2,0,0,0,2,0,0,0,0,0,0,0,0,0,0,0,0,10,1,0,0,0,0,0,0,2,0,2,0,0,0,0,32,17,0
/Users/thiago/Documents/Thiago/CodeToAnalyze/moshi/examples/src/main/java/com/squareup/moshi/recipes/IncludeNullsForOneType.java,com.squareup.moshi.recipes.IncludeNullsForOneType,class,6,7,1,6,2,1,0,6,1,0.0,0.0,0.0,2,1,2,0,0,0,2,0,0,0,0,0,0,0,0,0,0,0,0,23,0,0,0,0,0,1,0,3,0,3,0,0,1,0,19,17,0
/Users/thiago/Documents/Thiago/CodeToAnalyze/moshi/moshi/src/test/java/com/squareup/moshi/CircularAdaptersTest.java,com.squareup.moshi.CircularAdaptersTest$Project,innerclass,1,1,0,1,1,1,0,0,0,0.0,NaN,NaN,1,0,0,0,0,1,1,0,0,0,2,0,0,0,0,2,2,0,0,8,0,0,0,0,0,0,0,2,0,2,0,0,0,0,3,8,0
/Users/thiago/Documents/Thiago/CodeToAnalyze/moshi/moshi/src/test/java/com/squareup/moshi/JsonQualifiersTest.java,com.squareup.moshi.JsonQualifiersTest,class,18,18,0,18,18,1,0,13,78,0.0,0.0,0.0,13,0,13,0,0,0,13,0,0,0,0,0,0,0,0,0,0,0,0,256,0,0,0,5,0,63,4,53,7,37,1,2,12,0,86,17,0
/Users/thiago/Documents/Thiago/CodeToAnalyze/moshi/moshi/src/test/java/com/squareup/moshi/MoshiTest.java,com.squareup.moshi.MoshiTest$MealDealAdapterFactory,innerclass,6,6,0,6,2,1,0,2,0,0.0,NaN,NaN,1,0,1,0,0,0,1,0,0,0,0,0,0,0,0,0,0,0,0,23,2,0,0,0,0,0,0,2,0,2,1,1,0,0,12,8,0
/Users/thiago/Documents/Thiago/CodeToAnalyze/moshi/moshi/src/test/java/com/squareup/moshi/JsonCodecFactory.java,com.squareup.moshi.JsonCodecFactory$Anonymous1,anonymous,4,4,0,4,5,1,0,3,4,0.4,0.1,0.1,5,0,2,0,0,3,5,0,0,0,1,0,0,0,0,1,0,0,0,22,5,0,0,0,0,1,0,4,0,3,0,0,0,0,16,-1,0
/Users/thiago/Documents/Thiago/CodeToAnalyze/moshi/moshi-kotlin-codegen/src/test/java/com/squareup/moshi/kotlin/codegen/JavaSuperclass.java,com.squareup.moshi.kotlin.codegen.JavaSuperclass,class,0,0,0,0,0,1,0,0,0,NaN,-1.0,-1.0,0,0,0,0,0,0,0,0,0,0,1,0,1,0,0,0,0,0,0,3,0,0,0,0,0,0,1,1,0,1,0,0,0,0,4,1,0
/Users/thiago/Documents/Thiago/CodeToAnalyze/moshi/moshi/src/test/java/com/squareup/moshi/AdapterMethodsTest.java,com.squareup.moshi.AdapterMethodsTest$NullablePointAsListOfIntegersJsonAdapter,innerclass,4,4,0,4,5,1,0,3,1,0.0,0.0,0.0,2,0,0,0,0,2,2,0,0,0,0,0,0,0,0,0,0,0,2,10,3,0,3,0,0,1,7,0,1,0,1,0,0,0,18,8,0
/Users/thiago/Documents/Thiago/CodeToAnalyze/moshi/examples/src/main/java/com/squareup/moshi/recipes/Unwrap.java,com.squareup.moshi.recipes.Unwrap$EnvelopeJsonAdapter$Envelope,innerclass,1,1,0,1,1,1,0,0,0,0.0,NaN,NaN,1,0,0,0,0,1,1,0,0,0,1,0,0,0,0,1,1,0,0,6,0,0,0,0,0,0,0,1,0,1,0,0,0,0,3,26,0
/Users/thiago/Documents/Thiago/CodeToAnalyze/moshi/moshi/src/test/java/com/squareup/moshi/DeferredAdapterTest.java,com.squareup.moshi.DeferredAdapterTest$Anonymous1,anonymous,6,6,0,6,4,1,0,1,0,0.0,NaN,NaN,1,0,1,0,0,0,1,0,0,0,1,0,0,0,0,1,0,0,0,17,1,0,3,0,1,0,2,1,0,1,1,1,0,0,16,-1,0
/Users/thiago/Documents/Thiago/CodeToAnalyze/moshi/examples/src/main/java/com/squareup/moshi/recipes/models/Card.java,com.squareup.moshi.recipes.models.Card,class,1,9,8,1,2,1,0,1,0,0.0,1.0,1.0,2,0,2,0,0,0,2,0,0,0,2,0,2,0,0,0,2,0,1,11,1,0,0,0,0,1,0,2,0,2,0,0,0,0,6,17,0
/Users/thiago/Documents/Thiago/CodeToAnalyze/moshi/moshi/src/test/java/com/squareup/moshi/ClassJsonAdapterTest.java,com.squareup.moshi.ClassJsonAdapterTest$BasicPizza,innerclass,0,0,0,0,0,1,0,0,0,NaN,-1.0,-1.0,0,0,0,0,0,0,0,0,0,0,2,0,0,0,0,2,0,0,0,4,0,0,0,0,0,0,0,0,0,2,0,0,0,0,5,8,0
/Users/thiago/Documents/Thiago/CodeToAnalyze/moshi/examples/src/main/java/com/squareup/moshi/recipes/CustomAdapterFactory.java,com.squareup.moshi.recipes.CustomAdapterFactory$SortedSetAdapterFactory,innerclass,5,5,0,5,4,1,0,5,0,0.0,NaN,NaN,1,0,1,0,0,0,1,0,0,0,0,0,0,0,0,0,0,0,0,17,4,0,1,0,1,0,1,3,0,3,1,0,0,0,43,8,0
/Users/thiago/Documents/Thiago/CodeToAnalyze/moshi/moshi/src/test/java/com/squareup/moshi/JsonCodecFactory.java,com.squareup.moshi.JsonCodecFactory$Anonymous4,anonymous,4,4,0,4,4,1,0,8,4,0.5,0.16666667,0.16666667,4,0,2,0,0,2,4,0,0,0,1,0,0,1,0,0,0,0,0,22,4,0,0,0,0,1,0,4,0,4,0,0,0,0,16,-1,0
/Users/thiago/Documents/Thiago/CodeToAnalyze/moshi/moshi/src/test/java/com/squareup/moshi/ClassJsonAdapterTest.java,com.squareup.moshi.ClassJsonAdapterTest$ExtendsPlatformClassWithProtectedField,innerclass,0,0,0,0,1,3,0,0,0,1.0,NaN,NaN,1,0,1,0,0,0,1,0,0,0,1,0,0,0,0,1,0,0,0,6,0,0,0,0,0,0,1,0,0,1,0,0,0,0,11,8,0
/Users/thiago/Documents/Thiago/CodeToAnalyze/moshi/moshi/src/test/java/com/squareup/moshi/JsonCodecFactory.java,com.squareup.moshi.JsonCodecFactory$Anonymous3,anonymous,3,3,0,3,6,1,0,4,15,0.0,0.0,0.0,6,0,2,0,0,4,6,0,0,0,0,0,0,0,0,0,0,0,0,20,6,0,0,0,0,1,0,0,0,0,0,0,0,0,17,-1,0
/Users/thiago/Documents/Thiago/CodeToAnalyze/moshi/moshi/src/test/java/com/squareup/moshi/JsonCodecFactory.java,com.squareup.moshi.JsonCodecFactory$Anonymous2,anonymous,6,6,0,6,7,1,0,10,13,0.6666667,0.06666667,0.06666667,6,0,2,0,0,4,6,0,0,0,1,0,0,0,0,1,0,0,0,34,6,0,0,1,0,1,0,5,0,5,1,0,0,0,31,-1,0
/Users/thiago/Documents/Thiago/CodeToAnalyze/moshi/moshi/src/test/java/com/squareup/moshi/ObjectAdapterTest.java,com.squareup.moshi.ObjectAdapterTest$Anonymous1,anonymous,0,0,0,0,2,1,0,2,1,0.0,0.0,0.0,2,0,2,0,0,0,2,0,0,0,0,0,0,0,0,0,0,0,1,8,2,0,0,0,0,1,1,0,0,0,0,0,0,0,2,-1,0
/Users/thiago/Documents/Thiago/CodeToAnalyze/moshi/examples/src/main/java/com/squareup/moshi/recipes/FallbackEnum.java,com.squareup.moshi.recipes.FallbackEnum$FallbackEnumJsonAdapter$Anonymous1,anonymous,5,5,0,5,4,1,0,6,0,0.0,NaN,NaN,1,0,1,0,0,0,1,0,0,0,0,0,0,0,0,0,0,0,0,16,4,0,1,0,2,1,1,2,0,2,1,0,0,0,11,-1,0
/Users/thiago/Documents/Thiago/CodeToAnalyze/moshi/moshi/src/test/java/com/squareup/moshi/JsonValueWriterTest.java,com.squareup.moshi.JsonValueWriterTest,class,5,6,1,5,12,1,0,25,55,0.0,0.0,0.0,11,0,10,1,0,0,10,0,0,0,0,0,0,0,0,0,0,0,13,168,1,0,0,1,0,72,55,16,0,16,1,1,0,0,77,17,0
/Users/thiago/Documents/Thiago/CodeToAnalyze/moshi/moshi/src/test/java/com/squareup/moshi/AdapterMethodsTest.java,com.squareup.moshi.AdapterMethodsTest$JsonAdapterWithWriterAndReaderTakingAnnotatedJsonAdapterParameter,innerclass,8,8,0,8,2,1,0,4,1,0.0,0.0,0.0,2,0,0,0,0,2,2,0,0,0,0,0,0,0,0,0,0,0,0,15,1,0,0,0,0,0,0,2,0,2,0,0,0,0,21,8,0
/Users/thiago/Documents/Thiago/CodeToAnalyze/moshi/moshi/src/test/java/com/squareup/moshi/ObjectAdapterTest.java,com.squareup.moshi.ObjectAdapterTest$Anonymous5,anonymous,2,2,0,2,2,1,0,1,1,0.0,0.0,0.0,2,0,0,0,0,2,2,0,0,0,0,0,0,0,0,0,0,0,0,8,2,0,0,0,0,0,0,0,0,0,0,0,0,0,8,-1,0
/Users/thiago/Documents/Thiago/CodeToAnalyze/moshi/moshi/src/test/java/com/squareup/moshi/ObjectAdapterTest.java,com.squareup.moshi.ObjectAdapterTest$Anonymous4,anonymous,0,0,0,0,1,1,0,2,0,0.0,NaN,NaN,1,0,1,0,0,0,1,0,0,0,0,0,0,0,0,0,0,0,1,5,1,0,0,0,0,1,0,0,0,0,0,0,0,0,2,-1,0
/Users/thiago/Documents/Thiago/CodeToAnalyze/moshi/moshi/src/test/java/com/squareup/moshi/ObjectAdapterTest.java,com.squareup.moshi.ObjectAdapterTest$Anonymous3,anonymous,0,0,0,0,2,1,0,2,1,0.0,0.0,0.0,2,0,2,0,0,0,2,0,0,0,0,0,0,0,0,0,0,0,1,8,2,0,0,0,0,1,1,0,0,0,0,0,0,0,2,-1,0
/Users/thiago/Documents/Thiago/CodeToAnalyze/moshi/examples/src/main/java/com/squareup/moshi/recipes/FromJsonWithoutStrings.java,com.squareup.moshi.recipes.FromJsonWithoutStrings$EventJson,innerclass,0,0,0,0,0,1,0,0,0,NaN,-1.0,-1.0,0,0,0,0,0,0,0,0,0,0,3,0,0,0,0,3,0,0,0,5,0,0,0,0,0,0,0,0,0,3,0,0,0,0,6,26,0
/Users/thiago/Documents/Thiago/CodeToAnalyze/moshi/moshi/src/test/java/com/squareup/moshi/ObjectAdapterTest.java,com.squareup.moshi.ObjectAdapterTest$Anonymous2,anonymous,0,0,0,0,2,1,0,0,1,0.0,0.0,0.0,2,0,2,0,0,0,2,0,0,0,0,0,0,0,0,0,0,0,0,8,2,0,0,0,0,1,1,0,0,0,0,0,0,0,3,-1,0
/Users/thiago/Documents/Thiago/CodeToAnalyze/moshi/examples/src/main/java/com/squareup/moshi/recipes/ByteStrings.java,com.squareup.moshi.recipes.ByteStrings,class,5,6,1,5,2,2,0,6,1,0.0,0.0,0.0,2,1,2,0,0,0,2,0,0,0,0,0,0,0,0,0,0,0,0,22,0,0,0,0,0,1,0,4,0,4,0,0,1,0,13,17,0
/Users/thiago/Documents/Thiago/CodeToAnalyze/moshi/examples/src/main/java/com/squareup/moshi/recipes/DefaultOnDataMismatchAdapter.java,com.squareup.moshi.recipes.DefaultOnDataMismatchAdapter,class,6,8,2,6,5,2,0,5,0,0.25,0.6666667,1.0,4,1,3,1,0,0,3,0,0,0,2,0,0,2,0,0,2,0,0,36,2,0,0,1,0,0,0,5,0,4,1,1,0,0,24,17,0
/Users/thiago/Documents/Thiago/CodeToAnalyze/moshi/moshi/src/test/java/com/squareup/moshi/ObjectAdapterTest.java,com.squareup.moshi.ObjectAdapterTest$Anonymous9,anonymous,3,3,0,3,2,1,0,2,1,0.0,0.0,0.0,2,0,2,0,0,0,2,0,0,0,0,0,0,0,0,0,0,0,1,9,1,0,0,0,0,1,0,0,0,0,0,0,0,0,14,-1,0
/Users/thiago/Documents/Thiago/CodeToAnalyze/moshi/examples/src/main/java/com/squareup/moshi/recipes/WriteJson.java,com.squareup.moshi.recipes.WriteJson,class,5,6,1,5,2,1,0,6,1,0.0,0.0,0.0,2,1,2,0,0,0,2,0,0,0,0,0,0,0,0,0,0,0,1,12,0,0,0,0,0,0,0,4,0,4,0,0,0,0,14,17,0
/Users/thiago/Documents/Thiago/CodeToAnalyze/moshi/moshi/src/test/java/com/squareup/moshi/ObjectAdapterTest.java,com.squareup.moshi.ObjectAdapterTest$Anonymous7,anonymous,4,4,0,4,2,1,0,1,0,0.0,NaN,NaN,1,0,1,0,0,0,1,0,0,0,0,0,0,0,0,0,0,0,0,20,2,0,1,0,0,0,0,1,0,1,1,1,0,0,8,-1,0
/Users/thiago/Documents/Thiago/CodeToAnalyze/moshi/moshi/src/test/java/com/squareup/moshi/ObjectAdapterTest.java,com.squareup.moshi.ObjectAdapterTest$Anonymous6,anonymous,3,3,0,3,2,1,0,2,1,0.0,0.0,0.0,2,0,2,0,0,0,2,0,0,0,0,0,0,0,0,0,0,0,0,8,1,0,0,0,0,0,0,0,0,0,0,0,0,0,12,-1,0
/Users/thiago/Documents/Thiago/CodeToAnalyze/moshi/moshi/src/test/java/com/squareup/moshi/AdapterMethodsTest.java,com.squareup.moshi.AdapterMethodsTest$ListOfStringJsonAdapter,innerclass,2,2,0,2,4,1,0,7,1,0.0,0.0,0.0,2,0,0,0,0,2,2,0,0,0,0,0,0,0,0,0,0,0,1,13,2,1,0,0,0,1,2,2,0,2,2,0,0,0,12,8,0
/Users/thiago/Documents/Thiago/CodeToAnalyze/moshi/moshi/src/test/java/com/squareup/moshi/MoshiTest.java,com.squareup.moshi.MoshiTest$MealDealAdapterFactory$Anonymous7,anonymous,4,4,0,4,2,1,0,4,1,0.0,0.0,0.0,2,0,2,0,0,0,2,0,0,0,0,0,0,0,0,0,0,0,0,15,1,0,0,0,0,0,0,2,0,2,0,0,0,0,15,-1,0
/Users/thiago/Documents/Thiago/CodeToAnalyze/moshi/moshi/src/test/java/com/squareup/moshi/JsonQualifiersTest.java,com.squareup.moshi.JsonQualifiersTest$AnnotationsConflictJsonAdapter,innerclass,2,2,0,2,2,1,0,0,1,0.0,0.0,0.0,2,0,0,0,0,2,2,0,0,0,0,0,0,0,0,0,0,0,0,8,2,0,0,0,0,2,0,0,2,0,0,0,0,0,10,8,0
/Users/thiago/Documents/Thiago/CodeToAnalyze/moshi/examples/src/main/java/com/squareup/moshi/recipes/Unwrap.java,com.squareup.moshi.recipes.Unwrap,class,4,4,0,4,2,2,0,5,1,0.0,NaN,NaN,2,1,1,1,0,0,1,0,0,0,0,0,0,0,0,0,0,0,0,42,0,0,0,0,0,7,0,4,1,4,0,0,1,0,10,16,0
/Users/thiago/Documents/Thiago/CodeToAnalyze/moshi/examples/src/main/java/com/squareup/moshi/recipes/models/Player.java,com.squareup.moshi.recipes.models.Player,class,1,2,1,1,2,1,0,0,0,0.0,1.0,1.0,2,0,2,0,0,0,2,0,0,0,2,0,2,0,0,0,2,0,0,11,1,0,0,0,0,2,0,2,1,2,0,0,0,0,9,17,0
/Users/thiago/Documents/Thiago/CodeToAnalyze/moshi/moshi/src/test/java/android/util/Pair.java,android.util.Pair,class,0,1,1,0,0,1,0,0,0,0.0,-1.0,-1.0,0,0,0,0,0,0,0,0,0,0,0,0,0,0,0,0,0,0,0,2,0,0,0,0,0,0,0,0,0,0,0,0,0,0,1,17,0
/Users/thiago/Documents/Thiago/CodeToAnalyze/moshi/moshi/src/test/java/com/squareup/moshi/ClassJsonAdapterTest.java,com.squareup.moshi.ClassJsonAdapterTest$NamedFields,innerclass,1,1,0,1,0,1,0,0,0,NaN,-1.0,-1.0,0,0,0,0,0,0,0,0,0,0,3,0,0,0,0,3,0,0,0,5,0,0,0,0,0,3,0,0,0,3,0,0,0,0,9,8,0
/Users/thiago/Documents/Thiago/CodeToAnalyze/moshi/moshi/src/test/java/com/squareup/moshi/ClassJsonAdapterTest.java,com.squareup.moshi.ClassJsonAdapterTest$NonStatic,innerclass,0,0,0,0,0,1,0,0,0,0.0,-1.0,-1.0,0,0,0,0,0,0,0,0,0,0,0,0,0,0,0,0,0,0,0,2,0,0,0,0,0,0,0,0,0,0,0,0,0,0,2,0,0
/Users/thiago/Documents/Thiago/CodeToAnalyze/moshi/examples/src/main/java/com/squareup/moshi/recipes/CustomAdapterWithDelegate.java,com.squareup.moshi.recipes.CustomAdapterWithDelegate$Stage,enum,1,1,0,1,0,1,0,0,0,0.0,-1.0,-1.0,0,0,0,0,0,0,0,0,0,0,0,0,0,0,0,0,0,0,0,1,0,0,0,0,0,4,0,0,0,0,0,0,0,0,11,2,0
/Users/thiago/Documents/Thiago/CodeToAnalyze/moshi/moshi/src/test/java/com/squareup/moshi/JsonCodecFactory.java,com.squareup.moshi.JsonCodecFactory,class,5,15,10,5,7,1,0,3,21,1.0,0.0,0.0,7,1,0,0,0,7,7,3,0,0,2,2,0,2,0,0,2,0,1,121,4,0,0,0,0,0,0,6,0,6,0,4,0,0,40,1024,0
/Users/thiago/Documents/Thiago/CodeToAnalyze/moshi/moshi/src/test/java/com/squareup/moshi/AdapterMethodsTest.java,com.squareup.moshi.AdapterMethodsTest$Anonymous3,anonymous,2,2,0,2,1,1,0,0,0,0.0,NaN,NaN,1,0,0,0,0,1,1,0,0,0,0,0,0,0,0,0,0,0,0,5,0,0,0,0,0,0,0,0,0,0,0,0,0,0,6,-1,0
/Users/thiago/Documents/Thiago/CodeToAnalyze/moshi/moshi/src/test/java/com/squareup/moshi/MoshiTest.java,com.squareup.moshi.MoshiTest$MealDeal,innerclass,2,2,0,2,3,1,0,4,0,0.0,1.0,1.0,3,0,2,0,0,1,3,0,0,0,2,0,0,0,0,2,2,0,0,14,2,0,0,0,3,0,1,2,2,2,0,0,0,0,10,8,0
/Users/thiago/Documents/Thiago/CodeToAnalyze/moshi/moshi/src/test/java/com/squareup/moshi/MoshiTest.java,com.squareup.moshi.MoshiTest$Baguette,innerclass,1,1,0,1,0,1,0,0,0,NaN,-1.0,-1.0,0,0,0,0,0,0,0,0,0,0,2,0,0,0,0,2,0,0,0,4,0,0,0,0,0,2,0,0,0,2,0,0,0,0,5,8,0
/Users/thiago/Documents/Thiago/CodeToAnalyze/moshi/moshi/src/test/java/com/squareup/moshi/AdapterMethodsTest.java,com.squareup.moshi.AdapterMethodsTest$Anonymous4,anonymous,2,2,0,2,1,1,0,0,0,0.0,NaN,NaN,1,0,0,0,0,1,1,0,0,0,0,0,0,0,0,0,0,0,0,5,0,0,0,0,0,0,0,0,0,0,0,0,0,0,6,-1,0
/Users/thiago/Documents/Thiago/CodeToAnalyze/moshi/moshi/src/test/java/com/squareup/moshi/RecursiveTypesResolveTest.java,com.squareup.moshi.RecursiveTypesResolveTest$Foo2,innerclass,1,1,0,1,0,1,0,0,0,NaN,-1.0,-1.0,0,0,0,0,0,0,0,0,0,0,1,0,1,0,0,0,0,0,0,3,0,0,0,0,0,0,0,0,0,1,0,0,0,0,2,10,0
/Users/thiago/Documents/Thiago/CodeToAnalyze/moshi/moshi/src/test/java/com/squareup/moshi/AdapterMethodsTest.java,com.squareup.moshi.AdapterMethodsTest$Anonymous5,anonymous,0,0,0,0,6,1,0,0,10,0.0,0.0,0.0,5,0,5,0,0,0,5,0,0,0,0,0,0,0,0,0,0,0,0,17,5,0,1,0,0,0,0,0,0,0,0,0,0,0,14,-1,0
/Users/thiago/Documents/Thiago/CodeToAnalyze/moshi/moshi/src/test/java/com/squareup/moshi/RecursiveTypesResolveTest.java,com.squareup.moshi.RecursiveTypesResolveTest$Foo1,innerclass,1,1,0,1,0,1,0,0,0,NaN,-1.0,-1.0,0,0,0,0,0,0,0,0,0,0,1,0,1,0,0,0,0,0,0,3,0,0,0,0,0,0,0,0,0,1,0,0,0,0,2,10,0
/Users/thiago/Documents/Thiago/CodeToAnalyze/moshi/moshi/src/test/java/com/squareup/moshi/MoshiTest.java,com.squareup.moshi.MoshiTest$Anonymous4,anonymous,2,2,0,2,2,1,0,1,1,0.0,0.0,0.0,2,0,2,0,0,0,2,0,0,0,0,0,0,0,0,0,0,0,0,8,0,0,0,0,0,1,0,0,0,0,0,0,0,0,12,-1,0
/Users/thiago/Documents/Thiago/CodeToAnalyze/moshi/moshi/src/test/java/com/squareup/moshi/MoshiTest.java,com.squareup.moshi.MoshiTest$Anonymous5,anonymous,2,2,0,2,2,1,0,1,1,0.0,0.0,0.0,2,0,2,0,0,0,2,0,0,0,0,0,0,0,0,0,0,0,0,8,0,0,0,0,0,1,0,0,0,0,0,0,0,0,12,-1,0
/Users/thiago/Documents/Thiago/CodeToAnalyze/moshi/moshi/src/test/java/com/squareup/moshi/AdapterMethodsTest.java,com.squareup.moshi.AdapterMethodsTest$Anonymous1,anonymous,2,2,0,2,2,1,0,2,1,0.0,0.0,0.0,2,0,0,0,0,2,2,0,0,0,0,0,0,0,0,0,0,0,0,8,2,0,0,0,0,2,2,0,2,0,0,0,0,0,5,-1,0
/Users/thiago/Documents/Thiago/CodeToAnalyze/moshi/moshi/src/test/java/com/squareup/moshi/AdapterMethodsTest.java,com.squareup.moshi.AdapterMethodsTest$Anonymous2,anonymous,3,3,0,3,2,1,0,2,1,0.0,0.0,0.0,2,0,0,0,0,2,2,0,0,0,0,0,0,0,0,0,0,0,0,8,2,0,0,0,0,2,2,0,2,0,0,0,0,0,5,-1,0
/Users/thiago/Documents/Thiago/CodeToAnalyze/moshi/moshi/src/test/java/com/squareup/moshi/MoshiTest.java,com.squareup.moshi.MoshiTest$Anonymous1,anonymous,2,2,0,2,2,1,0,2,1,0.0,0.0,0.0,2,0,2,0,0,0,2,0,0,0,0,0,0,0,0,0,0,0,0,8,0,0,0,0,0,0,0,0,0,0,0,0,0,0,12,-1,0
/Users/thiago/Documents/Thiago/CodeToAnalyze/moshi/moshi/src/test/java/com/squareup/moshi/ObjectAdapterTest.java,com.squareup.moshi.ObjectAdapterTest$Pizza,innerclass,0,0,0,0,0,1,0,0,0,NaN,-1.0,-1.0,0,0,0,0,0,0,0,0,0,0,2,0,0,0,0,2,0,0,0,4,0,0,0,0,0,0,0,0,0,2,0,0,0,0,4,8,0
/Users/thiago/Documents/Thiago/CodeToAnalyze/moshi/moshi/src/test/java/com/squareup/moshi/MoshiTest.java,com.squareup.moshi.MoshiTest$Anonymous2,anonymous,3,3,0,3,1,1,0,1,0,0.0,NaN,NaN,1,0,1,0,0,0,1,0,0,0,0,0,0,0,0,0,0,0,0,5,1,0,0,0,0,0,0,0,0,0,0,0,0,0,5,-1,0
/Users/thiago/Documents/Thiago/CodeToAnalyze/moshi/moshi/src/test/java/com/squareup/moshi/MoshiTest.java,com.squareup.moshi.MoshiTest$Anonymous3,anonymous,3,3,0,3,1,1,0,0,0,0.0,NaN,NaN,1,0,1,0,0,0,1,0,0,0,0,0,0,0,0,0,0,0,0,5,1,0,0,0,0,0,0,0,0,0,0,0,0,0,5,-1,0
/Users/thiago/Documents/Thiago/CodeToAnalyze/moshi/moshi-adapters/src/test/java/com/squareup/moshi/adapters/PolymorphicJsonAdapterFactoryTest.java,com.squareup.moshi.adapters.PolymorphicJsonAdapterFactoryTest$Message,interface,0,0,0,0,0,1,0,0,0,0.0,-1.0,-1.0,0,0,0,0,0,0,0,0,0,0,0,0,0,0,0,0,0,0,0,2,0,0,0,0,0,0,0,0,0,0,0,0,0,0,1,0,0
/Users/thiago/Documents/Thiago/CodeToAnalyze/moshi/moshi/src/test/java/com/squareup/moshi/TypesTest.java,com.squareup.moshi.TypesTest$TestType,innerclass,1,1,0,1,0,1,0,0,0,NaN,-1.0,-1.0,0,0,0,0,0,0,0,0,0,0,1,0,0,0,0,1,0,0,0,3,0,0,0,0,0,0,0,0,0,1,0,0,0,0,3,10,0
/Users/thiago/Documents/Thiago/CodeToAnalyze/moshi/moshi/src/test/java/com/squareup/moshi/MoshiTest.java,com.squareup.moshi.MoshiTest$Roshambo,enum,1,1,0,1,0,1,0,0,0,0.0,-1.0,-1.0,0,0,0,0,0,0,0,0,0,0,0,0,0,0,0,0,0,0,0,1,0,0,0,0,0,1,0,0,0,0,0,0,0,0,8,0,0
/Users/thiago/Documents/Thiago/CodeToAnalyze/moshi/moshi/src/test/java/com/squareup/moshi/ClassJsonAdapterTest.java,com.squareup.moshi.ClassJsonAdapterTest$ExtendsBaseA,innerclass,1,1,0,1,0,2,0,0,0,NaN,-1.0,-1.0,0,0,0,0,0,0,0,0,0,0,1,0,0,0,0,1,0,0,0,3,0,0,0,0,0,0,0,0,0,1,0,0,0,0,4,8,0
/Users/thiago/Documents/Thiago/CodeToAnalyze/moshi/moshi/src/test/java/com/squareup/moshi/TypesTest.java,com.squareup.moshi.TypesTest$C,innerclass,0,0,0,0,0,1,0,0,0,0.0,-1.0,-1.0,0,0,0,0,0,0,0,0,0,0,0,0,0,0,0,0,0,0,0,2,0,0,0,0,0,0,0,0,0,0,0,0,0,0,1,26,0
/Users/thiago/Documents/Thiago/CodeToAnalyze/moshi/moshi/src/test/java/com/squareup/moshi/TypesTest.java,com.squareup.moshi.TypesTest$B,innerclass,0,0,0,0,0,1,0,0,0,0.0,-1.0,-1.0,0,0,0,0,0,0,0,0,0,0,0,0,0,0,0,0,0,0,0,2,0,0,0,0,0,0,0,0,0,0,0,0,0,0,1,26,0
/Users/thiago/Documents/Thiago/CodeToAnalyze/moshi/moshi/src/test/java/com/squareup/moshi/TypesTest.java,com.squareup.moshi.TypesTest$E,innerclass,0,0,0,0,0,1,0,0,0,0.0,-1.0,-1.0,0,0,0,0,0,0,0,0,0,0,0,0,0,0,0,0,0,0,0,2,0,0,0,0,0,0,0,0,0,0,0,0,0,0,1,26,0
/Users/thiago/Documents/Thiago/CodeToAnalyze/moshi/moshi/src/test/java/com/squareup/moshi/AdapterMethodsTest.java,com.squareup.moshi.AdapterMethodsTest$FromJsonAdapterTakingJsonAdapterParameter,innerclass,3,3,0,3,1,1,0,0,0,0.0,NaN,NaN,1,0,0,0,0,1,1,0,0,0,0,0,0,0,0,0,0,0,0,5,0,0,0,0,0,0,0,0,0,0,0,0,0,0,11,8,0
/Users/thiago/Documents/Thiago/CodeToAnalyze/moshi/moshi/src/test/java/com/squareup/moshi/JsonWriterTest.java,com.squareup.moshi.JsonWriterTest,class,9,9,0,9,114,1,0,40,0,0.014925373,0.9701493,0.9701493,67,1,67,0,0,0,67,0,0,0,1,0,1,0,0,0,0,0,13,787,1,6,0,41,0,183,35,82,11,83,1,0,0,0,167,17,0
/Users/thiago/Documents/Thiago/CodeToAnalyze/moshi/moshi/src/test/java/com/squareup/moshi/TypesTest.java,com.squareup.moshi.TypesTest$D,innerclass,0,0,0,0,0,1,0,0,0,0.0,-1.0,-1.0,0,0,0,0,0,0,0,0,0,0,0,0,0,0,0,0,0,0,0,2,0,0,0,0,0,0,0,0,0,0,0,0,0,0,0,26,0
/Users/thiago/Documents/Thiago/CodeToAnalyze/moshi/moshi/src/test/java/com/squareup/moshi/TypesTest.java,com.squareup.moshi.TypesTest$A,innerclass,0,0,0,0,0,1,0,0,0,0.0,-1.0,-1.0,0,0,0,0,0,0,0,0,0,0,0,0,0,0,0,0,0,0,0,2,0,0,0,0,0,0,0,0,0,0,0,0,0,0,1,26,0
/Users/thiago/Documents/Thiago/CodeToAnalyze/moshi/moshi/src/test/java/com/squareup/moshi/AdapterMethodsTest.java,com.squareup.moshi.AdapterMethodsTest$UnexpectedSignatureToJsonAdapter,innerclass,2,2,0,2,1,1,0,0,0,0.0,NaN,NaN,1,0,0,0,0,1,1,0,0,0,0,0,0,0,0,0,0,0,0,4,0,0,0,0,0,0,0,0,0,0,0,0,0,0,7,8,0
/Users/thiago/Documents/Thiago/CodeToAnalyze/moshi/moshi/src/test/java/com/squareup/moshi/MoshiTest.java,com.squareup.moshi.MoshiTest$UppercaseAdapterFactory$Anonymous8,anonymous,2,2,0,2,2,1,0,4,1,0.0,0.0,0.0,2,0,2,0,0,0,2,0,0,0,0,0,0,0,0,0,0,0,0,9,1,0,0,0,0,0,0,1,0,1,0,0,0,0,11,-1,0
/Users/thiago/Documents/Thiago/CodeToAnalyze/moshi/moshi/src/test/java/com/squareup/moshi/TypesTest.java,com.squareup.moshi.TypesTest$ClassWithAnnotatedFields,innerclass,2,2,0,2,0,1,0,0,0,NaN,-1.0,-1.0,0,0,0,0,0,0,0,0,0,0,3,0,1,2,0,0,3,0,0,5,0,0,0,0,0,0,3,3,0,3,0,0,0,0,8,8,0
/Users/thiago/Documents/Thiago/CodeToAnalyze/moshi/moshi/src/test/java/com/squareup/moshi/ClassJsonAdapterTest.java,com.squareup.moshi.ClassJsonAdapterTest$StaticFields,innerclass,0,0,0,0,0,1,0,0,0,NaN,-1.0,-1.0,0,0,0,0,0,0,0,0,0,0,2,1,0,0,0,2,0,0,0,4,0,0,0,0,0,0,1,1,0,2,0,0,0,0,4,8,0
/Users/thiago/Documents/Thiago/CodeToAnalyze/moshi/moshi/src/test/java/com/squareup/moshi/JsonReaderTest.java,com.squareup.moshi.JsonReaderTest,class,9,10,1,9,174,1,0,61,4831,0.94949496,0.0021477663,0.0021477663,99,1,96,2,0,1,97,0,0,0,1,0,1,0,0,0,0,0,12,1175,2,8,12,43,0,333,146,147,10,147,2,0,0,0,264,17,0
/Users/thiago/Documents/Thiago/CodeToAnalyze/moshi/examples/src/main/java/com/squareup/moshi/recipes/IncludeNullsForAnnotatedTypes.java,com.squareup.moshi.recipes.IncludeNullsForAnnotatedTypes$Car,innerclass,1,1,0,1,0,1,0,0,0,NaN,-1.0,-1.0,0,0,0,0,0,0,0,0,0,0,3,0,0,0,0,3,0,0,0,5,0,0,0,0,0,0,0,0,0,3,0,0,0,0,4,8,0
/Users/thiago/Documents/Thiago/CodeToAnalyze/moshi/moshi/src/test/java/com/squareup/moshi/ClassJsonAdapterTest.java,com.squareup.moshi.ClassJsonAdapterTest,class,39,40,1,39,37,9,0,60,316,0.6551724,0.07977208,0.07977208,29,0,27,2,0,0,27,0,0,0,1,0,0,1,0,0,1,0,3,379,2,0,0,8,2,73,47,75,10,52,1,1,30,0,103,17,0
/Users/thiago/Documents/Thiago/CodeToAnalyze/moshi/moshi/src/test/java/com/squareup/moshi/MoshiTest.java,com.squareup.moshi.MoshiTest$LocalizedBooleanAdapter,innerclass,4,4,0,4,5,2,0,4,0,0.44444445,1.0,1.0,3,0,3,0,0,0,3,0,0,0,3,1,0,3,0,0,3,0,0,33,1,0,0,0,0,5,0,5,0,3,1,1,0,0,23,8,0
