file,class,method,variable,usage
/Users/thiago/Documents/Thiago/CodeToAnalyze/okhttp/samples/unixdomainsockets/src/main/java/okhttp3/unixdomainsockets/UnixDomainSocketFactory.java,okhttp3.unixdomainsockets.UnixDomainSocketFactory,UnixDomainSocketFactory/1[java.io.File],path,3
/Users/thiago/Documents/Thiago/CodeToAnalyze/okhttp/samples/unixdomainsockets/src/main/java/okhttp3/unixdomainsockets/UnixDomainSocketFactory.java,okhttp3.unixdomainsockets.UnixDomainSocketFactory,createSocket/0,path,1
/Users/thiago/Documents/Thiago/CodeToAnalyze/okhttp/samples/guide/src/main/java/okhttp3/recipes/CacheResponse.java,okhttp3.recipes.CacheResponse,CacheResponse/1[java.io.File],client,1
/Users/thiago/Documents/Thiago/CodeToAnalyze/okhttp/samples/guide/src/main/java/okhttp3/recipes/CacheResponse.java,okhttp3.recipes.CacheResponse,run/0,client,2
/Users/thiago/Documents/Thiago/CodeToAnalyze/okhttp/samples/guide/src/main/java/okhttp3/recipes/CustomCipherSuites.java,okhttp3.recipes.CustomCipherSuites,CustomCipherSuites/0,client,1
/Users/thiago/Documents/Thiago/CodeToAnalyze/okhttp/samples/guide/src/main/java/okhttp3/recipes/CustomCipherSuites.java,okhttp3.recipes.CustomCipherSuites,run/0,client,1
/Users/thiago/Documents/Thiago/CodeToAnalyze/okhttp/samples/guide/src/main/java/okhttp3/recipes/PostMultipart.java,okhttp3.recipes.PostMultipart,run/0,IMGUR_CLIENT_ID,1
/Users/thiago/Documents/Thiago/CodeToAnalyze/okhttp/samples/guide/src/main/java/okhttp3/recipes/PostMultipart.java,okhttp3.recipes.PostMultipart,run/0,client,1
/Users/thiago/Documents/Thiago/CodeToAnalyze/okhttp/samples/guide/src/main/java/okhttp3/recipes/PostMultipart.java,okhttp3.recipes.PostMultipart,run/0,MEDIA_TYPE_PNG,1
/Users/thiago/Documents/Thiago/CodeToAnalyze/okhttp/samples/guide/src/main/java/okhttp3/recipes/Progress.java,okhttp3.recipes.Progress$ProgressResponseBody,contentLength/0,responseBody,1
/Users/thiago/Documents/Thiago/CodeToAnalyze/okhttp/samples/guide/src/main/java/okhttp3/recipes/Progress.java,okhttp3.recipes.Progress$ProgressResponseBody,contentType/0,responseBody,1
/Users/thiago/Documents/Thiago/CodeToAnalyze/okhttp/samples/guide/src/main/java/okhttp3/recipes/Progress.java,okhttp3.recipes.Progress$ProgressResponseBody,source/0,responseBody,1
/Users/thiago/Documents/Thiago/CodeToAnalyze/okhttp/samples/guide/src/main/java/okhttp3/recipes/Progress.java,okhttp3.recipes.Progress$ProgressResponseBody,source/0,bufferedSource,3
/Users/thiago/Documents/Thiago/CodeToAnalyze/okhttp/samples/guide/src/main/java/okhttp3/recipes/Progress.java,okhttp3.recipes.Progress$ProgressResponseBody,"ProgressResponseBody/2[okhttp3.recipes.ResponseBody,okhttp3.recipes.Progress.ProgressListener]",progressListener,3
/Users/thiago/Documents/Thiago/CodeToAnalyze/okhttp/samples/guide/src/main/java/okhttp3/recipes/Progress.java,okhttp3.recipes.Progress$ProgressResponseBody,"ProgressResponseBody/2[okhttp3.recipes.ResponseBody,okhttp3.recipes.Progress.ProgressListener]",responseBody,3
/Users/thiago/Documents/Thiago/CodeToAnalyze/okhttp/samples/guide/src/main/java/okhttp3/recipes/AsynchronousGet.java,okhttp3.recipes.AsynchronousGet,run/0,client,1
/Users/thiago/Documents/Thiago/CodeToAnalyze/okhttp/samples/guide/src/main/java/okhttp3/recipes/PerCallSettings.java,okhttp3.recipes.PerCallSettings,run/0,client,2
/Users/thiago/Documents/Thiago/CodeToAnalyze/okhttp/samples/guide/src/main/java/okhttp3/recipes/PrintEvents.java,okhttp3.recipes.PrintEvents$PrintingEventListener$Anonymous3,create/1[okhttp3.recipes.Call],nextCallId,1
/Users/thiago/Documents/Thiago/CodeToAnalyze/okhttp/samples/slack/src/main/java/okhttp3/slack/SlackApi.java,okhttp3.slack.SlackApi,rtmStart/1[java.lang.String],httpClient,1
/Users/thiago/Documents/Thiago/CodeToAnalyze/okhttp/samples/slack/src/main/java/okhttp3/slack/SlackApi.java,okhttp3.slack.SlackApi,rtmStart/1[java.lang.String],baseUrl,1
/Users/thiago/Documents/Thiago/CodeToAnalyze/okhttp/samples/slack/src/main/java/okhttp3/slack/SlackApi.java,okhttp3.slack.SlackApi,rtmStart/1[java.lang.String],moshi,1
/Users/thiago/Documents/Thiago/CodeToAnalyze/okhttp/samples/slack/src/main/java/okhttp3/slack/SlackApi.java,okhttp3.slack.SlackApi,"authorizeUrl/4[java.lang.String,okhttp3.slack.HttpUrl,okhttp3.slack.ByteString,java.lang.String]",baseUrl,1
/Users/thiago/Documents/Thiago/CodeToAnalyze/okhttp/samples/slack/src/main/java/okhttp3/slack/SlackApi.java,okhttp3.slack.SlackApi,"authorizeUrl/4[java.lang.String,okhttp3.slack.HttpUrl,okhttp3.slack.ByteString,java.lang.String]",clientId,1
/Users/thiago/Documents/Thiago/CodeToAnalyze/okhttp/samples/slack/src/main/java/okhttp3/slack/SlackApi.java,okhttp3.slack.SlackApi,"rtm/2[okhttp3.slack.HttpUrl,okhttp3.slack.WebSocketListener]",httpClient,1
/Users/thiago/Documents/Thiago/CodeToAnalyze/okhttp/samples/slack/src/main/java/okhttp3/slack/SlackApi.java,okhttp3.slack.SlackApi,"exchangeCode/2[java.lang.String,okhttp3.slack.HttpUrl]",httpClient,1
/Users/thiago/Documents/Thiago/CodeToAnalyze/okhttp/samples/slack/src/main/java/okhttp3/slack/SlackApi.java,okhttp3.slack.SlackApi,"exchangeCode/2[java.lang.String,okhttp3.slack.HttpUrl]",baseUrl,1
/Users/thiago/Documents/Thiago/CodeToAnalyze/okhttp/samples/slack/src/main/java/okhttp3/slack/SlackApi.java,okhttp3.slack.SlackApi,"exchangeCode/2[java.lang.String,okhttp3.slack.HttpUrl]",clientId,1
/Users/thiago/Documents/Thiago/CodeToAnalyze/okhttp/samples/slack/src/main/java/okhttp3/slack/SlackApi.java,okhttp3.slack.SlackApi,"exchangeCode/2[java.lang.String,okhttp3.slack.HttpUrl]",moshi,1
/Users/thiago/Documents/Thiago/CodeToAnalyze/okhttp/samples/slack/src/main/java/okhttp3/slack/SlackApi.java,okhttp3.slack.SlackApi,"exchangeCode/2[java.lang.String,okhttp3.slack.HttpUrl]",clientSecret,1
/Users/thiago/Documents/Thiago/CodeToAnalyze/okhttp/samples/slack/src/main/java/okhttp3/slack/SlackApi.java,okhttp3.slack.SlackApi,"SlackApi/3[java.lang.String,java.lang.String,int]",httpClient,1
/Users/thiago/Documents/Thiago/CodeToAnalyze/okhttp/samples/slack/src/main/java/okhttp3/slack/SlackApi.java,okhttp3.slack.SlackApi,"SlackApi/3[java.lang.String,java.lang.String,int]",clientId,3
/Users/thiago/Documents/Thiago/CodeToAnalyze/okhttp/samples/slack/src/main/java/okhttp3/slack/SlackApi.java,okhttp3.slack.SlackApi,"SlackApi/3[java.lang.String,java.lang.String,int]",port,3
/Users/thiago/Documents/Thiago/CodeToAnalyze/okhttp/samples/slack/src/main/java/okhttp3/slack/SlackApi.java,okhttp3.slack.SlackApi,"SlackApi/3[java.lang.String,java.lang.String,int]",moshi,1
/Users/thiago/Documents/Thiago/CodeToAnalyze/okhttp/samples/slack/src/main/java/okhttp3/slack/SlackApi.java,okhttp3.slack.SlackApi,"SlackApi/3[java.lang.String,java.lang.String,int]",clientSecret,3
/Users/thiago/Documents/Thiago/CodeToAnalyze/okhttp/maven-tests/src/test/java/com/squareup/okhttp3/maventest/AppTest.java,com.squareup.okhttp3.maventest.AppTest,testApp/0,mockWebServer,3
/Users/thiago/Documents/Thiago/CodeToAnalyze/okhttp/samples/guide/src/main/java/okhttp3/recipes/PostStreamingWithPipe.java,okhttp3.recipes.PostStreamingWithPipe$PipeBody,writeTo/1[okhttp3.recipes.BufferedSink],sink,2
/Users/thiago/Documents/Thiago/CodeToAnalyze/okhttp/samples/guide/src/main/java/okhttp3/recipes/PostStreamingWithPipe.java,okhttp3.recipes.PostStreamingWithPipe$PipeBody,writeTo/1[okhttp3.recipes.BufferedSink],pipe,1
/Users/thiago/Documents/Thiago/CodeToAnalyze/okhttp/samples/guide/src/main/java/okhttp3/recipes/PostStreamingWithPipe.java,okhttp3.recipes.PostStreamingWithPipe$PipeBody,sink/0,sink,2
/Users/thiago/Documents/Thiago/CodeToAnalyze/okhttp/samples/guide/src/main/java/okhttp3/recipes/CurrentDateHeader.java,okhttp3.recipes.CurrentDateHeader,run/0,client,1
/Users/thiago/Documents/Thiago/CodeToAnalyze/okhttp/samples/unixdomainsockets/src/main/java/okhttp3/unixdomainsockets/UnixDomainServerSocketFactory.java,okhttp3.unixdomainsockets.UnixDomainServerSocketFactory,UnixDomainServerSocketFactory/1[java.io.File],path,3
/Users/thiago/Documents/Thiago/CodeToAnalyze/okhttp/samples/guide/src/main/java/okhttp3/recipes/PrintEvents.java,okhttp3.recipes.PrintEvents$PrintingEventListener,"PrintingEventListener/2[long,long]",callId,3
/Users/thiago/Documents/Thiago/CodeToAnalyze/okhttp/samples/guide/src/main/java/okhttp3/recipes/PrintEvents.java,okhttp3.recipes.PrintEvents$PrintingEventListener,"PrintingEventListener/2[long,long]",callStartNanos,3
/Users/thiago/Documents/Thiago/CodeToAnalyze/okhttp/samples/guide/src/main/java/okhttp3/recipes/PrintEvents.java,okhttp3.recipes.PrintEvents$PrintingEventListener,printEvent/1[java.lang.String],callId,1
/Users/thiago/Documents/Thiago/CodeToAnalyze/okhttp/samples/guide/src/main/java/okhttp3/recipes/PrintEvents.java,okhttp3.recipes.PrintEvents$PrintingEventListener,printEvent/1[java.lang.String],callStartNanos,1
/Users/thiago/Documents/Thiago/CodeToAnalyze/okhttp/samples/guide/src/main/java/okhttp3/recipes/CheckHandshake.java,okhttp3.recipes.CheckHandshake$Anonymous1,intercept/1[okhttp3.recipes.Chain],denylist,1
/Users/thiago/Documents/Thiago/CodeToAnalyze/okhttp/samples/guide/src/main/java/okhttp3/recipes/SynchronousGet.java,okhttp3.recipes.SynchronousGet,run/0,client,1
/Users/thiago/Documents/Thiago/CodeToAnalyze/okhttp/samples/crawler/src/main/java/okhttp3/sample/Crawler.java,okhttp3.sample.Crawler,fetch/1[okhttp3.sample.HttpUrl],client,1
/Users/thiago/Documents/Thiago/CodeToAnalyze/okhttp/samples/crawler/src/main/java/okhttp3/sample/Crawler.java,okhttp3.sample.Crawler,fetch/1[okhttp3.sample.HttpUrl],hostnames,1
/Users/thiago/Documents/Thiago/CodeToAnalyze/okhttp/samples/crawler/src/main/java/okhttp3/sample/Crawler.java,okhttp3.sample.Crawler,fetch/1[okhttp3.sample.HttpUrl],hostLimit,1
/Users/thiago/Documents/Thiago/CodeToAnalyze/okhttp/samples/crawler/src/main/java/okhttp3/sample/Crawler.java,okhttp3.sample.Crawler,fetch/1[okhttp3.sample.HttpUrl],queue,1
/Users/thiago/Documents/Thiago/CodeToAnalyze/okhttp/samples/crawler/src/main/java/okhttp3/sample/Crawler.java,okhttp3.sample.Crawler,drainQueue/0,fetchedUrls,1
/Users/thiago/Documents/Thiago/CodeToAnalyze/okhttp/samples/crawler/src/main/java/okhttp3/sample/Crawler.java,okhttp3.sample.Crawler,drainQueue/0,queue,1
/Users/thiago/Documents/Thiago/CodeToAnalyze/okhttp/samples/crawler/src/main/java/okhttp3/sample/Crawler.java,okhttp3.sample.Crawler,"Crawler/3[okhttp3.sample.OkHttpClient,int,int]",client,3
/Users/thiago/Documents/Thiago/CodeToAnalyze/okhttp/samples/crawler/src/main/java/okhttp3/sample/Crawler.java,okhttp3.sample.Crawler,"Crawler/3[okhttp3.sample.OkHttpClient,int,int]",hostLimit,3
/Users/thiago/Documents/Thiago/CodeToAnalyze/okhttp/samples/crawler/src/main/java/okhttp3/sample/Crawler.java,okhttp3.sample.Crawler,"Crawler/3[okhttp3.sample.OkHttpClient,int,int]",queue,1
/Users/thiago/Documents/Thiago/CodeToAnalyze/okhttp/samples/guide/src/main/java/okhttp3/recipes/LoggingInterceptors.java,okhttp3.recipes.LoggingInterceptors,run/0,client,1
/Users/thiago/Documents/Thiago/CodeToAnalyze/okhttp/samples/guide/src/main/java/okhttp3/recipes/PreemptiveAuth.java,okhttp3.recipes.PreemptiveAuth$BasicAuthInterceptor,"BasicAuthInterceptor/3[java.lang.String,java.lang.String,java.lang.String]",credentials,1
/Users/thiago/Documents/Thiago/CodeToAnalyze/okhttp/samples/guide/src/main/java/okhttp3/recipes/PreemptiveAuth.java,okhttp3.recipes.PreemptiveAuth$BasicAuthInterceptor,"BasicAuthInterceptor/3[java.lang.String,java.lang.String,java.lang.String]",host,3
/Users/thiago/Documents/Thiago/CodeToAnalyze/okhttp/samples/guide/src/main/java/okhttp3/recipes/PreemptiveAuth.java,okhttp3.recipes.PreemptiveAuth$BasicAuthInterceptor,intercept/1[okhttp3.recipes.Chain],credentials,1
/Users/thiago/Documents/Thiago/CodeToAnalyze/okhttp/samples/guide/src/main/java/okhttp3/recipes/PreemptiveAuth.java,okhttp3.recipes.PreemptiveAuth$BasicAuthInterceptor,intercept/1[okhttp3.recipes.Chain],host,2
/Users/thiago/Documents/Thiago/CodeToAnalyze/okhttp/samples/guide/src/main/java/okhttp3/recipes/CustomTrust.java,okhttp3.recipes.CustomTrust,CustomTrust/0,letsEncryptCertificateAuthority,1
/Users/thiago/Documents/Thiago/CodeToAnalyze/okhttp/samples/guide/src/main/java/okhttp3/recipes/CustomTrust.java,okhttp3.recipes.CustomTrust,CustomTrust/0,entrustRootCertificateAuthority,1
/Users/thiago/Documents/Thiago/CodeToAnalyze/okhttp/samples/guide/src/main/java/okhttp3/recipes/CustomTrust.java,okhttp3.recipes.CustomTrust,CustomTrust/0,client,1
/Users/thiago/Documents/Thiago/CodeToAnalyze/okhttp/samples/guide/src/main/java/okhttp3/recipes/CustomTrust.java,okhttp3.recipes.CustomTrust,CustomTrust/0,comodoRsaCertificationAuthority,1
/Users/thiago/Documents/Thiago/CodeToAnalyze/okhttp/samples/guide/src/main/java/okhttp3/recipes/CustomTrust.java,okhttp3.recipes.CustomTrust,run/0,client,1
/Users/thiago/Documents/Thiago/CodeToAnalyze/okhttp/samples/guide/src/main/java/okhttp3/recipes/PostForm.java,okhttp3.recipes.PostForm,run/0,client,1
/Users/thiago/Documents/Thiago/CodeToAnalyze/okhttp/samples/guide/src/main/java/okhttp3/recipes/RequestBodyCompression.java,okhttp3.recipes.RequestBodyCompression,run/0,mapJsonAdapter,1
/Users/thiago/Documents/Thiago/CodeToAnalyze/okhttp/samples/guide/src/main/java/okhttp3/recipes/RequestBodyCompression.java,okhttp3.recipes.RequestBodyCompression,run/0,MEDIA_TYPE_JSON,1
/Users/thiago/Documents/Thiago/CodeToAnalyze/okhttp/samples/guide/src/main/java/okhttp3/recipes/RequestBodyCompression.java,okhttp3.recipes.RequestBodyCompression,run/0,client,1
/Users/thiago/Documents/Thiago/CodeToAnalyze/okhttp/samples/guide/src/main/java/okhttp3/recipes/RequestBodyCompression.java,okhttp3.recipes.RequestBodyCompression,run/0,GOOGLE_API_KEY,1
/Users/thiago/Documents/Thiago/CodeToAnalyze/okhttp/samples/guide/src/main/java/okhttp3/recipes/Progress.java,okhttp3.recipes.Progress$ProgressResponseBody$Anonymous2,"read/2[okhttp3.recipes.Buffer,long]",totalBytesRead,2
/Users/thiago/Documents/Thiago/CodeToAnalyze/okhttp/samples/guide/src/main/java/okhttp3/recipes/PostStreamingWithPipe.java,okhttp3.recipes.PostStreamingWithPipe,run/0,client,1
/Users/thiago/Documents/Thiago/CodeToAnalyze/okhttp/samples/guide/src/main/java/okhttp3/recipes/AccessHeaders.java,okhttp3.recipes.AccessHeaders,run/0,client,1
/Users/thiago/Documents/Thiago/CodeToAnalyze/okhttp/samples/slack/src/main/java/okhttp3/slack/RtmSession.java,okhttp3.slack.RtmSession,"onMessage/2[okhttp3.slack.WebSocket,java.lang.String]",webSocket,1
/Users/thiago/Documents/Thiago/CodeToAnalyze/okhttp/samples/slack/src/main/java/okhttp3/slack/RtmSession.java,okhttp3.slack.RtmSession,close/0,webSocket,2
/Users/thiago/Documents/Thiago/CodeToAnalyze/okhttp/samples/slack/src/main/java/okhttp3/slack/RtmSession.java,okhttp3.slack.RtmSession,open/1[java.lang.String],webSocket,2
/Users/thiago/Documents/Thiago/CodeToAnalyze/okhttp/samples/slack/src/main/java/okhttp3/slack/RtmSession.java,okhttp3.slack.RtmSession,open/1[java.lang.String],slackApi,2
/Users/thiago/Documents/Thiago/CodeToAnalyze/okhttp/samples/slack/src/main/java/okhttp3/slack/RtmSession.java,okhttp3.slack.RtmSession,"onClosing/3[okhttp3.slack.WebSocket,int,java.lang.String]",webSocket,2
/Users/thiago/Documents/Thiago/CodeToAnalyze/okhttp/samples/slack/src/main/java/okhttp3/slack/RtmSession.java,okhttp3.slack.RtmSession,"onOpen/2[okhttp3.slack.WebSocket,okhttp3.slack.Response]",webSocket,1
/Users/thiago/Documents/Thiago/CodeToAnalyze/okhttp/samples/slack/src/main/java/okhttp3/slack/RtmSession.java,okhttp3.slack.RtmSession,RtmSession/1[okhttp3.slack.SlackApi],slackApi,3
/Users/thiago/Documents/Thiago/CodeToAnalyze/okhttp/samples/slack/src/main/java/okhttp3/slack/RtmSession.java,okhttp3.slack.RtmSession,"onFailure/3[okhttp3.slack.WebSocket,java.lang.Throwable,okhttp3.slack.Response]",webSocket,1
/Users/thiago/Documents/Thiago/CodeToAnalyze/okhttp/samples/slack/src/main/java/okhttp3/slack/OAuthSessionFactory.java,okhttp3.slack.OAuthSessionFactory,randomToken/0,secureRandom,1
/Users/thiago/Documents/Thiago/CodeToAnalyze/okhttp/samples/slack/src/main/java/okhttp3/slack/OAuthSessionFactory.java,okhttp3.slack.OAuthSessionFactory,redirectUrl/0,mockWebServer,1
/Users/thiago/Documents/Thiago/CodeToAnalyze/okhttp/samples/slack/src/main/java/okhttp3/slack/OAuthSessionFactory.java,okhttp3.slack.OAuthSessionFactory,dispatch/1[okhttp3.slack.RecordedRequest],listeners,2
/Users/thiago/Documents/Thiago/CodeToAnalyze/okhttp/samples/slack/src/main/java/okhttp3/slack/OAuthSessionFactory.java,okhttp3.slack.OAuthSessionFactory,dispatch/1[okhttp3.slack.RecordedRequest],slackApi,1
/Users/thiago/Documents/Thiago/CodeToAnalyze/okhttp/samples/slack/src/main/java/okhttp3/slack/OAuthSessionFactory.java,okhttp3.slack.OAuthSessionFactory,dispatch/1[okhttp3.slack.RecordedRequest],mockWebServer,1
/Users/thiago/Documents/Thiago/CodeToAnalyze/okhttp/samples/slack/src/main/java/okhttp3/slack/OAuthSessionFactory.java,okhttp3.slack.OAuthSessionFactory,OAuthSessionFactory/1[okhttp3.slack.SlackApi],slackApi,3
/Users/thiago/Documents/Thiago/CodeToAnalyze/okhttp/samples/slack/src/main/java/okhttp3/slack/OAuthSessionFactory.java,okhttp3.slack.OAuthSessionFactory,start/0,mockWebServer,4
/Users/thiago/Documents/Thiago/CodeToAnalyze/okhttp/samples/slack/src/main/java/okhttp3/slack/OAuthSessionFactory.java,okhttp3.slack.OAuthSessionFactory,"newAuthorizeUrl/3[java.lang.String,java.lang.String,okhttp3.slack.OAuthSessionFactory.Listener]",listeners,1
/Users/thiago/Documents/Thiago/CodeToAnalyze/okhttp/samples/slack/src/main/java/okhttp3/slack/OAuthSessionFactory.java,okhttp3.slack.OAuthSessionFactory,"newAuthorizeUrl/3[java.lang.String,java.lang.String,okhttp3.slack.OAuthSessionFactory.Listener]",slackApi,1
/Users/thiago/Documents/Thiago/CodeToAnalyze/okhttp/samples/slack/src/main/java/okhttp3/slack/OAuthSessionFactory.java,okhttp3.slack.OAuthSessionFactory,"newAuthorizeUrl/3[java.lang.String,java.lang.String,okhttp3.slack.OAuthSessionFactory.Listener]",mockWebServer,1
/Users/thiago/Documents/Thiago/CodeToAnalyze/okhttp/samples/slack/src/main/java/okhttp3/slack/OAuthSessionFactory.java,okhttp3.slack.OAuthSessionFactory,close/0,mockWebServer,2
/Users/thiago/Documents/Thiago/CodeToAnalyze/okhttp/samples/guide/src/main/java/okhttp3/recipes/CancelCall.java,okhttp3.recipes.CancelCall,run/0,executor,1
/Users/thiago/Documents/Thiago/CodeToAnalyze/okhttp/samples/guide/src/main/java/okhttp3/recipes/CancelCall.java,okhttp3.recipes.CancelCall,run/0,client,1
/Users/thiago/Documents/Thiago/CodeToAnalyze/okhttp/samples/guide/src/main/java/okhttp3/recipes/CertificatePinning.java,okhttp3.recipes.CertificatePinning,run/0,client,1
/Users/thiago/Documents/Thiago/CodeToAnalyze/okhttp/samples/static-server/src/main/java/okhttp3/sample/SampleServer.java,okhttp3.sample.SampleServer,"SampleServer/3[javax.net.ssl.SSLContext,java.lang.String,int]",port,3
/Users/thiago/Documents/Thiago/CodeToAnalyze/okhttp/samples/static-server/src/main/java/okhttp3/sample/SampleServer.java,okhttp3.sample.SampleServer,"SampleServer/3[javax.net.ssl.SSLContext,java.lang.String,int]",root,3
/Users/thiago/Documents/Thiago/CodeToAnalyze/okhttp/samples/static-server/src/main/java/okhttp3/sample/SampleServer.java,okhttp3.sample.SampleServer,"SampleServer/3[javax.net.ssl.SSLContext,java.lang.String,int]",sslContext,3
/Users/thiago/Documents/Thiago/CodeToAnalyze/okhttp/samples/static-server/src/main/java/okhttp3/sample/SampleServer.java,okhttp3.sample.SampleServer,"sslContext/2[java.lang.String,java.lang.String]",sslContext,1
/Users/thiago/Documents/Thiago/CodeToAnalyze/okhttp/samples/static-server/src/main/java/okhttp3/sample/SampleServer.java,okhttp3.sample.SampleServer,run/0,port,1
/Users/thiago/Documents/Thiago/CodeToAnalyze/okhttp/samples/static-server/src/main/java/okhttp3/sample/SampleServer.java,okhttp3.sample.SampleServer,run/0,sslContext,1
/Users/thiago/Documents/Thiago/CodeToAnalyze/okhttp/samples/static-server/src/main/java/okhttp3/sample/SampleServer.java,okhttp3.sample.SampleServer,dispatch/1[okhttp3.sample.RecordedRequest],root,1
/Users/thiago/Documents/Thiago/CodeToAnalyze/okhttp/samples/guide/src/main/java/okhttp3/recipes/PrintEvents.java,okhttp3.recipes.PrintEvents,run/0,client,2
/Users/thiago/Documents/Thiago/CodeToAnalyze/okhttp/samples/guide/src/main/java/okhttp3/guide/GetExample.java,okhttp3.guide.GetExample,run/1[java.lang.String],client,1
/Users/thiago/Documents/Thiago/CodeToAnalyze/okhttp/samples/guide/src/main/java/okhttp3/recipes/UploadProgress.java,okhttp3.recipes.UploadProgress$ProgressRequestBody,contentLength/0,delegate,1
/Users/thiago/Documents/Thiago/CodeToAnalyze/okhttp/samples/guide/src/main/java/okhttp3/recipes/UploadProgress.java,okhttp3.recipes.UploadProgress$ProgressRequestBody,"ProgressRequestBody/2[okhttp3.recipes.RequestBody,okhttp3.recipes.UploadProgress.ProgressListener]",delegate,3
/Users/thiago/Documents/Thiago/CodeToAnalyze/okhttp/samples/guide/src/main/java/okhttp3/recipes/UploadProgress.java,okhttp3.recipes.UploadProgress$ProgressRequestBody,"ProgressRequestBody/2[okhttp3.recipes.RequestBody,okhttp3.recipes.UploadProgress.ProgressListener]",progressListener,3
/Users/thiago/Documents/Thiago/CodeToAnalyze/okhttp/samples/guide/src/main/java/okhttp3/recipes/UploadProgress.java,okhttp3.recipes.UploadProgress$ProgressRequestBody,writeTo/1[okhttp3.recipes.BufferedSink],delegate,1
/Users/thiago/Documents/Thiago/CodeToAnalyze/okhttp/samples/guide/src/main/java/okhttp3/recipes/UploadProgress.java,okhttp3.recipes.UploadProgress$ProgressRequestBody,contentType/0,delegate,1
/Users/thiago/Documents/Thiago/CodeToAnalyze/okhttp/samples/guide/src/main/java/okhttp3/recipes/Authenticate.java,okhttp3.recipes.Authenticate,Authenticate/0,client,1
/Users/thiago/Documents/Thiago/CodeToAnalyze/okhttp/samples/guide/src/main/java/okhttp3/recipes/Authenticate.java,okhttp3.recipes.Authenticate,run/0,client,1
/Users/thiago/Documents/Thiago/CodeToAnalyze/okhttp/samples/unixdomainsockets/src/main/java/okhttp3/unixdomainsockets/TunnelingUnixSocket.java,okhttp3.unixdomainsockets.TunnelingUnixSocket,connect/1[java.net.SocketAddress],path,1
/Users/thiago/Documents/Thiago/CodeToAnalyze/okhttp/samples/unixdomainsockets/src/main/java/okhttp3/unixdomainsockets/TunnelingUnixSocket.java,okhttp3.unixdomainsockets.TunnelingUnixSocket,connect/1[java.net.SocketAddress],inetSocketAddress,1
/Users/thiago/Documents/Thiago/CodeToAnalyze/okhttp/samples/unixdomainsockets/src/main/java/okhttp3/unixdomainsockets/TunnelingUnixSocket.java,okhttp3.unixdomainsockets.TunnelingUnixSocket,"connect/2[java.net.SocketAddress,int]",path,1
/Users/thiago/Documents/Thiago/CodeToAnalyze/okhttp/samples/unixdomainsockets/src/main/java/okhttp3/unixdomainsockets/TunnelingUnixSocket.java,okhttp3.unixdomainsockets.TunnelingUnixSocket,"connect/2[java.net.SocketAddress,int]",inetSocketAddress,1
/Users/thiago/Documents/Thiago/CodeToAnalyze/okhttp/samples/unixdomainsockets/src/main/java/okhttp3/unixdomainsockets/TunnelingUnixSocket.java,okhttp3.unixdomainsockets.TunnelingUnixSocket,"TunnelingUnixSocket/3[java.io.File,okhttp3.unixdomainsockets.UnixSocketChannel,java.net.InetSocketAddress]",path,2
/Users/thiago/Documents/Thiago/CodeToAnalyze/okhttp/samples/unixdomainsockets/src/main/java/okhttp3/unixdomainsockets/TunnelingUnixSocket.java,okhttp3.unixdomainsockets.TunnelingUnixSocket,"TunnelingUnixSocket/3[java.io.File,okhttp3.unixdomainsockets.UnixSocketChannel,java.net.InetSocketAddress]",inetSocketAddress,1
/Users/thiago/Documents/Thiago/CodeToAnalyze/okhttp/samples/unixdomainsockets/src/main/java/okhttp3/unixdomainsockets/TunnelingUnixSocket.java,okhttp3.unixdomainsockets.TunnelingUnixSocket,"TunnelingUnixSocket/2[java.io.File,okhttp3.unixdomainsockets.UnixSocketChannel]",path,3
/Users/thiago/Documents/Thiago/CodeToAnalyze/okhttp/samples/unixdomainsockets/src/main/java/okhttp3/unixdomainsockets/TunnelingUnixSocket.java,okhttp3.unixdomainsockets.TunnelingUnixSocket,getInetAddress/0,inetSocketAddress,1
/Users/thiago/Documents/Thiago/CodeToAnalyze/okhttp/samples/guide/src/main/java/okhttp3/recipes/UploadProgress.java,okhttp3.recipes.UploadProgress$ProgressRequestBody$Anonymous2,"write/2[okhttp3.recipes.Buffer,long]",completed,1
/Users/thiago/Documents/Thiago/CodeToAnalyze/okhttp/samples/guide/src/main/java/okhttp3/recipes/UploadProgress.java,okhttp3.recipes.UploadProgress$ProgressRequestBody$Anonymous2,"write/2[okhttp3.recipes.Buffer,long]",totalBytesWritten,2
/Users/thiago/Documents/Thiago/CodeToAnalyze/okhttp/samples/guide/src/main/java/okhttp3/recipes/UploadProgress.java,okhttp3.recipes.UploadProgress$ProgressRequestBody$Anonymous2,close/0,completed,3
/Users/thiago/Documents/Thiago/CodeToAnalyze/okhttp/samples/guide/src/main/java/okhttp3/recipes/UploadProgress.java,okhttp3.recipes.UploadProgress$ProgressRequestBody$Anonymous2,close/0,totalBytesWritten,1
/Users/thiago/Documents/Thiago/CodeToAnalyze/okhttp/samples/guide/src/main/java/okhttp3/recipes/CheckHandshake.java,okhttp3.recipes.CheckHandshake,run/0,client,1
/Users/thiago/Documents/Thiago/CodeToAnalyze/okhttp/samples/guide/src/main/java/okhttp3/recipes/PrintEventsNonConcurrent.java,okhttp3.recipes.PrintEventsNonConcurrent$PrintingEventListener,printEvent/1[java.lang.String],callStartNanos,2
/Users/thiago/Documents/Thiago/CodeToAnalyze/okhttp/samples/guide/src/main/java/okhttp3/recipes/ConfigureTimeouts.java,okhttp3.recipes.ConfigureTimeouts,run/0,client,1
/Users/thiago/Documents/Thiago/CodeToAnalyze/okhttp/samples/guide/src/main/java/okhttp3/recipes/ConfigureTimeouts.java,okhttp3.recipes.ConfigureTimeouts,ConfigureTimeouts/0,client,1
/Users/thiago/Documents/Thiago/CodeToAnalyze/okhttp/maven-tests/src/main/java/com/squareup/okhttp3/maventest/SampleHttpClient.java,com.squareup.okhttp3.maventest.SampleHttpClient,makeCall/1[com.squareup.okhttp3.maventest.HttpUrl],client,1
/Users/thiago/Documents/Thiago/CodeToAnalyze/okhttp/maven-tests/src/main/java/com/squareup/okhttp3/maventest/SampleHttpClient.java,com.squareup.okhttp3.maventest.SampleHttpClient,SampleHttpClient/0,client,1
/Users/thiago/Documents/Thiago/CodeToAnalyze/okhttp/samples/guide/src/main/java/okhttp3/recipes/Progress.java,okhttp3.recipes.Progress$Anonymous1,"update/3[long,long,boolean]",firstUpdate,2
/Users/thiago/Documents/Thiago/CodeToAnalyze/okhttp/samples/guide/src/main/java/okhttp3/recipes/UploadProgress.java,okhttp3.recipes.UploadProgress,run/0,IMGUR_CLIENT_ID,1
/Users/thiago/Documents/Thiago/CodeToAnalyze/okhttp/samples/guide/src/main/java/okhttp3/recipes/UploadProgress.java,okhttp3.recipes.UploadProgress,run/0,client,1
/Users/thiago/Documents/Thiago/CodeToAnalyze/okhttp/samples/guide/src/main/java/okhttp3/recipes/UploadProgress.java,okhttp3.recipes.UploadProgress,run/0,MEDIA_TYPE_PNG,1
/Users/thiago/Documents/Thiago/CodeToAnalyze/okhttp/samples/guide/src/main/java/okhttp3/recipes/PostString.java,okhttp3.recipes.PostString,run/0,client,1
/Users/thiago/Documents/Thiago/CodeToAnalyze/okhttp/samples/guide/src/main/java/okhttp3/recipes/PostString.java,okhttp3.recipes.PostString,run/0,MEDIA_TYPE_MARKDOWN,1
/Users/thiago/Documents/Thiago/CodeToAnalyze/okhttp/samples/guide/src/main/java/okhttp3/recipes/RewriteResponseCacheControl.java,okhttp3.recipes.RewriteResponseCacheControl,RewriteResponseCacheControl/1[java.io.File],client,1
/Users/thiago/Documents/Thiago/CodeToAnalyze/okhttp/samples/guide/src/main/java/okhttp3/recipes/RewriteResponseCacheControl.java,okhttp3.recipes.RewriteResponseCacheControl,run/0,REWRITE_CACHE_CONTROL_INTERCEPTOR,1
/Users/thiago/Documents/Thiago/CodeToAnalyze/okhttp/samples/guide/src/main/java/okhttp3/recipes/RewriteResponseCacheControl.java,okhttp3.recipes.RewriteResponseCacheControl,run/0,client,2
/Users/thiago/Documents/Thiago/CodeToAnalyze/okhttp/samples/guide/src/main/java/okhttp3/recipes/PostStreaming.java,okhttp3.recipes.PostStreaming,run/0,client,1
/Users/thiago/Documents/Thiago/CodeToAnalyze/okhttp/samples/guide/src/main/java/okhttp3/guide/PostExample.java,okhttp3.guide.PostExample,"post/2[java.lang.String,java.lang.String]",client,1
/Users/thiago/Documents/Thiago/CodeToAnalyze/okhttp/samples/guide/src/main/java/okhttp3/guide/PostExample.java,okhttp3.guide.PostExample,"post/2[java.lang.String,java.lang.String]",JSON,1
/Users/thiago/Documents/Thiago/CodeToAnalyze/okhttp/samples/unixdomainsockets/src/main/java/okhttp3/unixdomainsockets/UnixDomainServerSocketFactory.java,okhttp3.unixdomainsockets.UnixDomainServerSocketFactory$UnixDomainServerSocket,getLocalSocketAddress/0,endpoint,1
/Users/thiago/Documents/Thiago/CodeToAnalyze/okhttp/samples/unixdomainsockets/src/main/java/okhttp3/unixdomainsockets/UnixDomainServerSocketFactory.java,okhttp3.unixdomainsockets.UnixDomainServerSocketFactory$UnixDomainServerSocket,"bind/2[java.net.SocketAddress,int]",endpoint,3
/Users/thiago/Documents/Thiago/CodeToAnalyze/okhttp/samples/unixdomainsockets/src/main/java/okhttp3/unixdomainsockets/UnixDomainServerSocketFactory.java,okhttp3.unixdomainsockets.UnixDomainServerSocketFactory$UnixDomainServerSocket,"bind/2[java.net.SocketAddress,int]",serverSocketChannel,3
/Users/thiago/Documents/Thiago/CodeToAnalyze/okhttp/samples/unixdomainsockets/src/main/java/okhttp3/unixdomainsockets/UnixDomainServerSocketFactory.java,okhttp3.unixdomainsockets.UnixDomainServerSocketFactory$UnixDomainServerSocket,close/0,serverSocketChannel,1
/Users/thiago/Documents/Thiago/CodeToAnalyze/okhttp/samples/unixdomainsockets/src/main/java/okhttp3/unixdomainsockets/UnixDomainServerSocketFactory.java,okhttp3.unixdomainsockets.UnixDomainServerSocketFactory$UnixDomainServerSocket,accept/0,serverSocketChannel,1
/Users/thiago/Documents/Thiago/CodeToAnalyze/okhttp/samples/unixdomainsockets/src/main/java/okhttp3/unixdomainsockets/UnixDomainServerSocketFactory.java,okhttp3.unixdomainsockets.UnixDomainServerSocketFactory$UnixDomainServerSocket,accept/0,endpoint,1
/Users/thiago/Documents/Thiago/CodeToAnalyze/okhttp/samples/guide/src/main/java/okhttp3/recipes/PreemptiveAuth.java,okhttp3.recipes.PreemptiveAuth,run/0,client,1
/Users/thiago/Documents/Thiago/CodeToAnalyze/okhttp/samples/guide/src/main/java/okhttp3/recipes/PreemptiveAuth.java,okhttp3.recipes.PreemptiveAuth,PreemptiveAuth/0,client,1
/Users/thiago/Documents/Thiago/CodeToAnalyze/okhttp/samples/slack/src/main/java/okhttp3/slack/OAuthSession.java,okhttp3.slack.OAuthSession,toString/0,access_token,1
/Users/thiago/Documents/Thiago/CodeToAnalyze/okhttp/samples/slack/src/main/java/okhttp3/slack/OAuthSession.java,okhttp3.slack.OAuthSession,toString/0,user_id,1
/Users/thiago/Documents/Thiago/CodeToAnalyze/okhttp/samples/slack/src/main/java/okhttp3/slack/OAuthSession.java,okhttp3.slack.OAuthSession,toString/0,scope,1
/Users/thiago/Documents/Thiago/CodeToAnalyze/okhttp/samples/slack/src/main/java/okhttp3/slack/OAuthSession.java,okhttp3.slack.OAuthSession,toString/0,team_id,1
/Users/thiago/Documents/Thiago/CodeToAnalyze/okhttp/samples/slack/src/main/java/okhttp3/slack/OAuthSession.java,okhttp3.slack.OAuthSession,toString/0,ok,1
/Users/thiago/Documents/Thiago/CodeToAnalyze/okhttp/samples/slack/src/main/java/okhttp3/slack/OAuthSession.java,okhttp3.slack.OAuthSession,toString/0,team_name,1
/Users/thiago/Documents/Thiago/CodeToAnalyze/okhttp/samples/slack/src/main/java/okhttp3/slack/OAuthSession.java,okhttp3.slack.OAuthSession,"OAuthSession/6[boolean,java.lang.String,java.lang.String,java.lang.String,java.lang.String,java.lang.String]",access_token,1
/Users/thiago/Documents/Thiago/CodeToAnalyze/okhttp/samples/slack/src/main/java/okhttp3/slack/OAuthSession.java,okhttp3.slack.OAuthSession,"OAuthSession/6[boolean,java.lang.String,java.lang.String,java.lang.String,java.lang.String,java.lang.String]",user_id,1
/Users/thiago/Documents/Thiago/CodeToAnalyze/okhttp/samples/slack/src/main/java/okhttp3/slack/OAuthSession.java,okhttp3.slack.OAuthSession,"OAuthSession/6[boolean,java.lang.String,java.lang.String,java.lang.String,java.lang.String,java.lang.String]",scope,3
/Users/thiago/Documents/Thiago/CodeToAnalyze/okhttp/samples/slack/src/main/java/okhttp3/slack/OAuthSession.java,okhttp3.slack.OAuthSession,"OAuthSession/6[boolean,java.lang.String,java.lang.String,java.lang.String,java.lang.String,java.lang.String]",team_id,1
/Users/thiago/Documents/Thiago/CodeToAnalyze/okhttp/samples/slack/src/main/java/okhttp3/slack/OAuthSession.java,okhttp3.slack.OAuthSession,"OAuthSession/6[boolean,java.lang.String,java.lang.String,java.lang.String,java.lang.String,java.lang.String]",ok,3
/Users/thiago/Documents/Thiago/CodeToAnalyze/okhttp/samples/slack/src/main/java/okhttp3/slack/OAuthSession.java,okhttp3.slack.OAuthSession,"OAuthSession/6[boolean,java.lang.String,java.lang.String,java.lang.String,java.lang.String,java.lang.String]",team_name,1
/Users/thiago/Documents/Thiago/CodeToAnalyze/okhttp/samples/guide/src/main/java/okhttp3/recipes/UploadProgress.java,okhttp3.recipes.UploadProgress$Anonymous1,"update/3[long,long,boolean]",firstUpdate,2
/Users/thiago/Documents/Thiago/CodeToAnalyze/okhttp/samples/guide/src/main/java/okhttp3/recipes/PostFile.java,okhttp3.recipes.PostFile,run/0,client,1
/Users/thiago/Documents/Thiago/CodeToAnalyze/okhttp/samples/guide/src/main/java/okhttp3/recipes/PostFile.java,okhttp3.recipes.PostFile,run/0,MEDIA_TYPE_MARKDOWN,1
/Users/thiago/Documents/Thiago/CodeToAnalyze/okhttp/samples/slack/src/main/java/okhttp3/slack/SlackClient.java,okhttp3.slack.SlackClient,SlackClient/1[okhttp3.slack.SlackApi],slackApi,3
/Users/thiago/Documents/Thiago/CodeToAnalyze/okhttp/samples/slack/src/main/java/okhttp3/slack/SlackClient.java,okhttp3.slack.SlackClient,"requestOauthSession/2[java.lang.String,java.lang.String]",slackApi,1
/Users/thiago/Documents/Thiago/CodeToAnalyze/okhttp/samples/slack/src/main/java/okhttp3/slack/SlackClient.java,okhttp3.slack.SlackClient,"requestOauthSession/2[java.lang.String,java.lang.String]",sessionFactory,4
/Users/thiago/Documents/Thiago/CodeToAnalyze/okhttp/samples/slack/src/main/java/okhttp3/slack/SlackClient.java,okhttp3.slack.SlackClient,startRtm/0,slackApi,1
/Users/thiago/Documents/Thiago/CodeToAnalyze/okhttp/samples/slack/src/main/java/okhttp3/slack/SlackClient.java,okhttp3.slack.SlackClient,initOauthSession/1[okhttp3.slack.OAuthSession],session,3
/Users/thiago/Documents/Thiago/CodeToAnalyze/okhttp/samples/slack/src/main/java/okhttp3/slack/SlackClient.java,okhttp3.slack.SlackClient,awaitAccessToken/1[okhttp3.slack.Timeout],session,1
/Users/thiago/Documents/Thiago/CodeToAnalyze/okhttp/samples/simple-client/src/main/java/okhttp3/sample/OkHttpContributors.java,okhttp3.sample.OkHttpContributors,main/1[java.lang.String[]],CONTRIBUTORS_JSON_ADAPTER,1
/Users/thiago/Documents/Thiago/CodeToAnalyze/okhttp/samples/simple-client/src/main/java/okhttp3/sample/OkHttpContributors.java,okhttp3.sample.OkHttpContributors,main/1[java.lang.String[]],ENDPOINT,1
/Users/thiago/Documents/Thiago/CodeToAnalyze/okhttp/samples/guide/src/main/java/okhttp3/recipes/CustomCipherSuites.java,okhttp3.recipes.CustomCipherSuites$DelegatingSSLSocketFactory,getSupportedCipherSuites/0,delegate,1
/Users/thiago/Documents/Thiago/CodeToAnalyze/okhttp/samples/guide/src/main/java/okhttp3/recipes/CustomCipherSuites.java,okhttp3.recipes.CustomCipherSuites$DelegatingSSLSocketFactory,getDefaultCipherSuites/0,delegate,1
/Users/thiago/Documents/Thiago/CodeToAnalyze/okhttp/samples/guide/src/main/java/okhttp3/recipes/CustomCipherSuites.java,okhttp3.recipes.CustomCipherSuites$DelegatingSSLSocketFactory,DelegatingSSLSocketFactory/1[javax.net.ssl.SSLSocketFactory],delegate,3
/Users/thiago/Documents/Thiago/CodeToAnalyze/okhttp/samples/guide/src/main/java/okhttp3/recipes/CustomCipherSuites.java,okhttp3.recipes.CustomCipherSuites$DelegatingSSLSocketFactory,"createSocket/2[java.net.InetAddress,int]",delegate,1
/Users/thiago/Documents/Thiago/CodeToAnalyze/okhttp/samples/guide/src/main/java/okhttp3/recipes/CustomCipherSuites.java,okhttp3.recipes.CustomCipherSuites$DelegatingSSLSocketFactory,"createSocket/4[java.net.Socket,java.lang.String,int,boolean]",delegate,1
/Users/thiago/Documents/Thiago/CodeToAnalyze/okhttp/samples/guide/src/main/java/okhttp3/recipes/CustomCipherSuites.java,okhttp3.recipes.CustomCipherSuites$DelegatingSSLSocketFactory,"createSocket/2[java.lang.String,int]",delegate,1
/Users/thiago/Documents/Thiago/CodeToAnalyze/okhttp/samples/guide/src/main/java/okhttp3/recipes/CustomCipherSuites.java,okhttp3.recipes.CustomCipherSuites$DelegatingSSLSocketFactory,"createSocket/4[java.lang.String,int,java.net.InetAddress,int]",delegate,1
/Users/thiago/Documents/Thiago/CodeToAnalyze/okhttp/samples/guide/src/main/java/okhttp3/recipes/CustomCipherSuites.java,okhttp3.recipes.CustomCipherSuites$DelegatingSSLSocketFactory,"createSocket/4[java.net.InetAddress,int,java.net.InetAddress,int]",delegate,1
/Users/thiago/Documents/Thiago/CodeToAnalyze/okhttp/samples/guide/src/main/java/okhttp3/recipes/PrintEventsNonConcurrent.java,okhttp3.recipes.PrintEventsNonConcurrent,run/0,client,2
/Users/thiago/Documents/Thiago/CodeToAnalyze/okhttp/samples/guide/src/main/java/okhttp3/recipes/ParseResponseWithMoshi.java,okhttp3.recipes.ParseResponseWithMoshi,run/0,gistJsonAdapter,1
/Users/thiago/Documents/Thiago/CodeToAnalyze/okhttp/samples/guide/src/main/java/okhttp3/recipes/ParseResponseWithMoshi.java,okhttp3.recipes.ParseResponseWithMoshi,run/0,client,1
