file,class,method,constructor,line,cbo,cboModified,fanin,fanout,wmc,rfc,loc,returnsQty,variablesQty,parametersQty,methodsInvokedQty,methodsInvokedLocalQty,methodsInvokedIndirectLocalQty,loopQty,comparisonsQty,tryCatchQty,parenthesizedExpsQty,stringLiteralsQty,numbersQty,assignmentsQty,mathOperationsQty,maxNestedBlocksQty,anonymousClassesQty,innerClassesQty,lambdasQty,uniqueWordsQty,modifiers,logStatementsQty,hasJavaDoc
/Users/thiago/Documents/Thiago/CodeToAnalyze/okhttp/samples/guide/src/main/java/okhttp3/recipes/RequestBodyCompression.java,okhttp3.recipes.RequestBodyCompression$GzipRequestInterceptor,intercept/1[okhttp3.recipes.Chain],false,71,3,0,0,0,3,7,8,2,2,1,7,0,0,0,2,0,0,1,0,2,0,1,0,0,0,11,1,0,false
/Users/thiago/Documents/Thiago/CodeToAnalyze/okhttp/samples/guide/src/main/java/okhttp3/recipes/PostStreamingWithPipe.java,okhttp3.recipes.PostStreamingWithPipe$Anonymous1,run/0,false,53,1,1,0,1,3,7,15,0,1,0,7,1,1,1,0,1,0,3,3,1,0,2,0,0,0,7,1,0,false
/Users/thiago/Documents/Thiago/CodeToAnalyze/okhttp/samples/guide/src/main/java/okhttp3/recipes/PostStreamingWithPipe.java,okhttp3.recipes.PostStreamingWithPipe$Anonymous1,factor/1[int],false,68,1,4,3,1,3,2,7,2,2,1,2,1,0,1,1,0,0,1,1,2,3,2,0,0,0,4,2,0,false
/Users/thiago/Documents/Thiago/CodeToAnalyze/okhttp/samples/slack/src/main/java/okhttp3/slack/SlackApi.java,okhttp3.slack.SlackApi$SlackJsonAdapters,urlToJson/1[okhttp3.slack.HttpUrl],false,116,2,0,0,0,1,1,3,1,0,1,1,0,0,0,0,0,0,0,0,0,0,0,0,0,0,6,0,0,false
/Users/thiago/Documents/Thiago/CodeToAnalyze/okhttp/samples/slack/src/main/java/okhttp3/slack/SlackApi.java,okhttp3.slack.SlackApi$SlackJsonAdapters,urlFromJson/1[java.lang.String],false,120,2,0,0,0,3,3,5,1,0,1,3,0,0,0,0,0,0,4,2,2,2,1,0,0,0,6,0,0,false
/Users/thiago/Documents/Thiago/CodeToAnalyze/okhttp/samples/guide/src/main/java/okhttp3/recipes/HttpsServer.java,okhttp3.recipes.HttpsServer,main/1[java.lang.String[]],false,58,1,2,0,2,1,1,3,0,0,1,1,1,1,0,0,0,0,0,0,0,0,0,0,0,0,5,9,0,false
/Users/thiago/Documents/Thiago/CodeToAnalyze/okhttp/samples/guide/src/main/java/okhttp3/recipes/HttpsServer.java,okhttp3.recipes.HttpsServer,run/0,false,32,8,1,1,0,1,15,12,0,7,0,15,0,0,0,0,0,0,2,0,7,0,0,0,0,0,19,1,0,false
/Users/thiago/Documents/Thiago/CodeToAnalyze/okhttp/okhttp-tls/src/test/java/okhttp3/tls/CertificatesJavaTest.java,okhttp3.tls.CertificatesJavaTest,testRoundtrip/0,false,25,1,0,0,0,1,3,5,0,2,0,3,0,0,0,0,0,0,12,0,2,1,0,0,0,0,30,1,0,false
/Users/thiago/Documents/Thiago/CodeToAnalyze/okhttp/samples/unixdomainsockets/src/main/java/okhttp3/unixdomainsockets/UnixDomainSocketFactory.java,okhttp3.unixdomainsockets.UnixDomainSocketFactory,UnixDomainSocketFactory/1[java.io.File],true,30,0,1,1,0,1,0,3,0,0,1,0,0,0,0,0,0,0,0,0,1,0,0,0,0,0,6,1,0,false
/Users/thiago/Documents/Thiago/CodeToAnalyze/okhttp/samples/unixdomainsockets/src/main/java/okhttp3/unixdomainsockets/UnixDomainSocketFactory.java,okhttp3.unixdomainsockets.UnixDomainSocketFactory,createSocket/0,false,34,2,3,2,1,1,1,4,1,1,0,1,0,0,0,0,0,0,0,0,1,0,0,0,0,0,9,1,0,false
/Users/thiago/Documents/Thiago/CodeToAnalyze/okhttp/samples/unixdomainsockets/src/main/java/okhttp3/unixdomainsockets/UnixDomainSocketFactory.java,okhttp3.unixdomainsockets.UnixDomainSocketFactory,"createSocket/2[java.net.InetAddress,int]",false,56,1,2,1,1,2,3,11,1,1,2,3,1,1,0,0,1,0,0,0,1,0,1,0,0,0,10,1,0,false
/Users/thiago/Documents/Thiago/CodeToAnalyze/okhttp/samples/unixdomainsockets/src/main/java/okhttp3/unixdomainsockets/UnixDomainSocketFactory.java,okhttp3.unixdomainsockets.UnixDomainSocketFactory,"createSocket/2[java.lang.String,int]",false,39,1,2,1,1,2,3,11,1,1,2,3,1,1,0,0,1,0,0,0,1,0,1,0,0,0,10,1,0,false
/Users/thiago/Documents/Thiago/CodeToAnalyze/okhttp/samples/unixdomainsockets/src/main/java/okhttp3/unixdomainsockets/UnixDomainSocketFactory.java,okhttp3.unixdomainsockets.UnixDomainSocketFactory,"createSocket/4[java.lang.String,int,java.net.InetAddress,int]",false,52,1,1,0,1,1,1,3,1,0,4,1,1,2,0,0,0,0,0,0,0,0,0,0,0,0,7,1,0,false
/Users/thiago/Documents/Thiago/CodeToAnalyze/okhttp/samples/unixdomainsockets/src/main/java/okhttp3/unixdomainsockets/UnixDomainSocketFactory.java,okhttp3.unixdomainsockets.UnixDomainSocketFactory,"createSocket/4[java.net.InetAddress,int,java.net.InetAddress,int]",false,69,1,1,0,1,1,1,3,1,0,4,1,1,2,0,0,0,0,0,0,0,0,0,0,0,0,9,1,0,false
/Users/thiago/Documents/Thiago/CodeToAnalyze/okhttp/samples/guide/src/main/java/okhttp3/recipes/CacheResponse.java,okhttp3.recipes.CacheResponse,CacheResponse/1[java.io.File],true,28,2,1,1,0,1,2,5,0,2,1,2,0,0,0,0,0,0,0,3,3,1,0,0,0,0,8,1,0,false
/Users/thiago/Documents/Thiago/CodeToAnalyze/okhttp/samples/guide/src/main/java/okhttp3/recipes/CacheResponse.java,okhttp3.recipes.CacheResponse,run/0,false,37,1,1,1,0,3,12,20,0,5,0,12,0,0,0,0,2,0,10,0,5,9,2,0,0,0,14,1,0,false
/Users/thiago/Documents/Thiago/CodeToAnalyze/okhttp/samples/guide/src/main/java/okhttp3/recipes/CacheResponse.java,okhttp3.recipes.CacheResponse,main/1[java.lang.String[]],false,65,1,2,0,2,1,1,3,0,0,1,1,1,1,0,0,0,0,1,0,0,0,0,0,0,0,6,9,0,false
/Users/thiago/Documents/Thiago/CodeToAnalyze/okhttp/samples/guide/src/main/java/okhttp3/recipes/WebSocketEcho.java,okhttp3.recipes.WebSocketEcho,main/1[java.lang.String[]],false,50,1,2,0,2,1,1,3,0,0,1,1,1,1,0,0,0,0,0,0,0,0,0,0,0,0,5,9,0,false
/Users/thiago/Documents/Thiago/CodeToAnalyze/okhttp/samples/guide/src/main/java/okhttp3/recipes/WebSocketEcho.java,okhttp3.recipes.WebSocketEcho,"onOpen/2[okhttp3.recipes.WebSocket,okhttp3.recipes.Response]",false,26,2,0,0,0,1,3,6,0,0,2,3,0,0,0,0,0,0,4,1,0,0,0,0,0,0,6,1,0,false
/Users/thiago/Documents/Thiago/CodeToAnalyze/okhttp/samples/guide/src/main/java/okhttp3/recipes/WebSocketEcho.java,okhttp3.recipes.WebSocketEcho,run/0,false,12,2,1,1,0,1,7,6,0,2,0,7,0,0,0,0,0,0,1,1,2,0,0,0,0,0,7,2,0,false
/Users/thiago/Documents/Thiago/CodeToAnalyze/okhttp/samples/guide/src/main/java/okhttp3/recipes/WebSocketEcho.java,okhttp3.recipes.WebSocketEcho,"onClosing/3[okhttp3.recipes.WebSocket,int,java.lang.String]",false,41,1,0,0,0,1,2,4,0,0,3,2,0,0,0,0,0,0,2,1,0,1,0,0,0,0,6,1,0,false
/Users/thiago/Documents/Thiago/CodeToAnalyze/okhttp/samples/guide/src/main/java/okhttp3/recipes/WebSocketEcho.java,okhttp3.recipes.WebSocketEcho,"onMessage/2[okhttp3.recipes.WebSocket,java.lang.String]",false,33,1,0,0,0,1,1,3,0,0,2,1,0,0,0,0,0,0,1,0,0,1,0,0,0,0,5,1,0,false
/Users/thiago/Documents/Thiago/CodeToAnalyze/okhttp/samples/guide/src/main/java/okhttp3/recipes/WebSocketEcho.java,okhttp3.recipes.WebSocketEcho,"onMessage/2[okhttp3.recipes.WebSocket,okhttp3.recipes.ByteString]",false,37,2,0,0,0,1,2,3,0,0,2,2,0,0,0,0,0,0,1,0,0,1,0,0,0,0,5,1,0,false
/Users/thiago/Documents/Thiago/CodeToAnalyze/okhttp/samples/guide/src/main/java/okhttp3/recipes/WebSocketEcho.java,okhttp3.recipes.WebSocketEcho,"onFailure/3[okhttp3.recipes.WebSocket,java.lang.Throwable,okhttp3.recipes.Response]",false,46,2,0,0,0,1,1,3,0,0,3,1,0,0,0,0,0,0,0,0,0,0,0,0,0,0,5,1,0,false
/Users/thiago/Documents/Thiago/CodeToAnalyze/okhttp/samples/guide/src/main/java/okhttp3/recipes/CustomCipherSuites.java,okhttp3.recipes.CustomCipherSuites,javaNames/1[java.util.List<okhttp3.recipes.CipherSuite>],false,99,1,1,1,0,2,3,7,1,2,1,3,0,0,1,0,0,0,0,1,3,0,1,0,0,0,6,2,0,false
/Users/thiago/Documents/Thiago/CodeToAnalyze/okhttp/samples/guide/src/main/java/okhttp3/recipes/CustomCipherSuites.java,okhttp3.recipes.CustomCipherSuites,CustomCipherSuites/0,true,45,5,4,1,3,1,9,14,0,5,0,9,2,1,0,0,0,0,0,1,6,0,0,1,0,0,31,1,0,false
/Users/thiago/Documents/Thiago/CodeToAnalyze/okhttp/samples/guide/src/main/java/okhttp3/recipes/CustomCipherSuites.java,okhttp3.recipes.CustomCipherSuites,defaultTrustManager/0,false,87,0,1,1,0,3,5,9,1,2,0,5,0,0,0,1,0,1,1,3,2,1,1,0,0,0,22,2,0,true
/Users/thiago/Documents/Thiago/CodeToAnalyze/okhttp/samples/guide/src/main/java/okhttp3/recipes/CustomCipherSuites.java,okhttp3.recipes.CustomCipherSuites,run/0,false,155,1,1,1,0,2,10,8,0,2,0,10,0,0,0,0,1,0,2,0,2,1,2,0,0,0,9,1,0,false
/Users/thiago/Documents/Thiago/CodeToAnalyze/okhttp/samples/guide/src/main/java/okhttp3/recipes/CustomCipherSuites.java,okhttp3.recipes.CustomCipherSuites,main/1[java.lang.String[]],false,168,1,2,0,2,1,1,3,0,0,1,1,1,1,0,0,0,0,0,0,0,0,0,0,0,0,6,9,0,false
/Users/thiago/Documents/Thiago/CodeToAnalyze/okhttp/samples/guide/src/main/java/okhttp3/recipes/CustomCipherSuites.java,okhttp3.recipes.CustomCipherSuites,defaultSslSocketFactory/1[javax.net.ssl.X509TrustManager],false,79,0,1,1,0,1,3,5,1,1,1,3,0,0,0,0,0,0,1,0,1,0,0,0,0,0,20,2,0,true
/Users/thiago/Documents/Thiago/CodeToAnalyze/okhttp/samples/guide/src/main/java/okhttp3/recipes/PostMultipart.java,okhttp3.recipes.PostMultipart,main/1[java.lang.String[]],false,61,1,2,0,2,1,1,3,0,0,1,1,1,1,0,0,0,0,0,0,0,0,0,0,0,0,5,9,0,false
/Users/thiago/Documents/Thiago/CodeToAnalyze/okhttp/samples/guide/src/main/java/okhttp3/recipes/PostMultipart.java,okhttp3.recipes.PostMultipart,run/0,false,37,3,1,1,0,2,13,8,0,3,0,13,0,0,0,0,1,0,9,0,3,2,2,0,0,0,24,1,0,false
/Users/thiago/Documents/Thiago/CodeToAnalyze/okhttp/samples/guide/src/main/java/okhttp3/recipes/Progress.java,okhttp3.recipes.Progress$ProgressResponseBody,contentLength/0,false,97,0,0,0,0,1,1,3,1,0,0,1,0,0,0,0,0,0,0,0,0,0,0,0,0,0,2,1,0,false
/Users/thiago/Documents/Thiago/CodeToAnalyze/okhttp/samples/guide/src/main/java/okhttp3/recipes/Progress.java,okhttp3.recipes.Progress$ProgressResponseBody,source/1[okhttp3.recipes.Source],false,108,3,1,1,0,1,0,12,1,0,1,0,0,0,0,0,0,0,0,0,0,0,0,1,0,0,16,2,0,false
/Users/thiago/Documents/Thiago/CodeToAnalyze/okhttp/samples/guide/src/main/java/okhttp3/recipes/Progress.java,okhttp3.recipes.Progress$ProgressResponseBody,contentType/0,false,93,1,0,0,0,1,1,3,1,0,0,1,0,0,0,0,0,0,0,0,0,0,0,0,0,0,3,1,0,false
/Users/thiago/Documents/Thiago/CodeToAnalyze/okhttp/samples/guide/src/main/java/okhttp3/recipes/Progress.java,okhttp3.recipes.Progress$ProgressResponseBody,source/0,false,101,2,1,0,1,2,3,6,1,0,0,3,1,1,0,1,0,0,0,0,1,0,1,0,0,0,5,1,0,false
/Users/thiago/Documents/Thiago/CodeToAnalyze/okhttp/samples/guide/src/main/java/okhttp3/recipes/Progress.java,okhttp3.recipes.Progress$ProgressResponseBody,"ProgressResponseBody/2[okhttp3.recipes.ResponseBody,okhttp3.recipes.Progress.ProgressListener]",true,88,2,0,0,0,1,0,4,0,0,2,0,0,0,0,0,0,0,0,0,2,0,0,0,0,0,6,0,0,false
/Users/thiago/Documents/Thiago/CodeToAnalyze/okhttp/module-tests/src/main/java/okhttp3/modules/OkHttpCaller.java,okhttp3.modules.OkHttpCaller,callOkHttp/1[okhttp3.modules.HttpUrl],false,30,5,3,3,0,1,4,4,1,1,1,4,0,0,0,0,0,0,0,0,1,0,0,0,0,0,8,9,0,false
/Users/thiago/Documents/Thiago/CodeToAnalyze/okhttp/samples/guide/src/main/java/okhttp3/recipes/AsynchronousGet.java,okhttp3.recipes.AsynchronousGet,run/0,false,30,2,1,1,0,1,4,19,0,1,0,4,0,0,0,0,0,0,1,0,1,0,0,1,0,0,18,1,0,false
/Users/thiago/Documents/Thiago/CodeToAnalyze/okhttp/samples/guide/src/main/java/okhttp3/recipes/AsynchronousGet.java,okhttp3.recipes.AsynchronousGet,main/1[java.lang.String[]],false,55,1,2,0,2,1,1,3,0,0,1,1,1,1,0,0,0,0,0,0,0,0,0,0,0,0,5,9,0,false
/Users/thiago/Documents/Thiago/CodeToAnalyze/okhttp/samples/guide/src/main/java/okhttp3/recipes/PerCallSettings.java,okhttp3.recipes.PerCallSettings,main/1[java.lang.String[]],false,53,1,2,0,2,1,1,3,0,0,1,1,1,1,0,0,0,0,0,0,0,0,0,0,0,0,6,9,0,false
/Users/thiago/Documents/Thiago/CodeToAnalyze/okhttp/samples/guide/src/main/java/okhttp3/recipes/PerCallSettings.java,okhttp3.recipes.PerCallSettings,run/0,false,27,2,1,1,0,3,8,17,0,5,0,8,0,0,0,0,2,0,5,2,5,4,1,0,0,0,15,1,0,false
/Users/thiago/Documents/Thiago/CodeToAnalyze/okhttp/samples/guide/src/main/java/okhttp3/recipes/PrintEvents.java,okhttp3.recipes.PrintEvents$PrintingEventListener$Anonymous3,create/1[okhttp3.recipes.Call],false,81,3,1,0,1,1,5,5,1,1,1,5,0,0,0,0,0,0,1,0,1,0,0,0,0,0,7,1,0,false
/Users/thiago/Documents/Thiago/CodeToAnalyze/okhttp/samples/unixdomainsockets/src/main/java/okhttp3/unixdomainsockets/ClientAndServer.java,okhttp3.unixdomainsockets.ClientAndServer,run/0,false,32,6,3,1,2,1,17,16,0,5,0,17,0,0,0,0,1,0,3,0,5,0,1,0,0,0,21,1,0,false
/Users/thiago/Documents/Thiago/CodeToAnalyze/okhttp/samples/unixdomainsockets/src/main/java/okhttp3/unixdomainsockets/ClientAndServer.java,okhttp3.unixdomainsockets.ClientAndServer,main/1[java.lang.String[]],false,59,1,2,0,2,1,1,3,0,0,1,1,1,1,0,0,0,0,0,0,0,0,0,0,0,0,6,9,0,false
/Users/thiago/Documents/Thiago/CodeToAnalyze/okhttp/regression-test/src/androidTest/java/okhttp/regression/IssueReproductionTest.java,okhttp.regression.IssueReproductionTest,"sendRequest/2[okhttp.regression.OkHttpClient,java.lang.String]",false,45,2,1,1,0,4,12,11,0,3,2,12,0,0,1,2,1,0,0,2,3,0,2,0,0,0,19,2,0,false
/Users/thiago/Documents/Thiago/CodeToAnalyze/okhttp/regression-test/src/androidTest/java/okhttp/regression/IssueReproductionTest.java,okhttp.regression.IssueReproductionTest,getFailsWithoutAdditionalCert/0,false,39,3,1,0,1,1,1,4,0,1,0,1,1,1,0,0,0,0,1,0,1,0,0,0,0,0,14,1,0,false
/Users/thiago/Documents/Thiago/CodeToAnalyze/okhttp/samples/slack/src/main/java/okhttp3/slack/SlackApi.java,okhttp3.slack.SlackApi,rtmStart/1[java.lang.String],false,94,5,1,1,0,1,10,9,1,5,1,10,0,0,0,0,1,0,2,0,5,0,1,0,0,0,21,1,0,true
/Users/thiago/Documents/Thiago/CodeToAnalyze/okhttp/samples/slack/src/main/java/okhttp3/slack/SlackApi.java,okhttp3.slack.SlackApi,"authorizeUrl/4[java.lang.String,okhttp3.slack.HttpUrl,okhttp3.slack.ByteString,java.lang.String]",false,61,2,1,1,0,2,5,7,1,1,4,5,0,0,0,1,0,0,6,0,1,0,1,0,0,0,9,1,0,true
/Users/thiago/Documents/Thiago/CodeToAnalyze/okhttp/samples/slack/src/main/java/okhttp3/slack/SlackApi.java,okhttp3.slack.SlackApi,"rtm/2[okhttp3.slack.HttpUrl,okhttp3.slack.WebSocketListener]",false,109,4,1,1,0,1,3,3,1,0,2,3,0,0,0,0,0,0,0,0,0,0,0,0,0,0,8,1,0,true
/Users/thiago/Documents/Thiago/CodeToAnalyze/okhttp/samples/slack/src/main/java/okhttp3/slack/SlackApi.java,okhttp3.slack.SlackApi,"exchangeCode/2[java.lang.String,okhttp3.slack.HttpUrl]",false,76,5,1,1,0,1,11,9,1,5,2,11,0,0,0,0,1,0,5,0,5,0,1,0,0,0,21,1,0,true
/Users/thiago/Documents/Thiago/CodeToAnalyze/okhttp/samples/slack/src/main/java/okhttp3/slack/SlackApi.java,okhttp3.slack.SlackApi,"SlackApi/3[java.lang.String,java.lang.String,int]",true,49,3,2,1,1,1,2,7,0,0,3,2,0,0,0,0,0,0,0,0,5,0,0,0,0,0,8,1,0,false
/Users/thiago/Documents/Thiago/CodeToAnalyze/okhttp/maven-tests/src/test/java/com/squareup/okhttp3/maventest/AppTest.java,com.squareup.okhttp3.maventest.AppTest,testApp/0,false,32,3,2,0,2,1,5,5,0,0,0,5,0,0,0,0,0,0,2,1,0,0,0,0,0,0,11,1,0,false
/Users/thiago/Documents/Thiago/CodeToAnalyze/okhttp/samples/guide/src/main/java/okhttp3/recipes/PostStreamingWithPipe.java,okhttp3.recipes.PostStreamingWithPipe$PipeBody,writeTo/1[okhttp3.recipes.BufferedSink],false,97,1,0,0,0,1,2,3,0,0,1,2,0,0,0,0,0,0,0,0,0,0,0,0,0,0,8,1,0,false
/Users/thiago/Documents/Thiago/CodeToAnalyze/okhttp/samples/guide/src/main/java/okhttp3/recipes/PostStreamingWithPipe.java,okhttp3.recipes.PostStreamingWithPipe$PipeBody,contentType/0,false,93,1,0,0,0,1,0,3,1,0,0,0,0,0,0,0,0,0,0,0,0,0,0,0,0,0,17,1,0,false
/Users/thiago/Documents/Thiago/CodeToAnalyze/okhttp/samples/guide/src/main/java/okhttp3/recipes/PostStreamingWithPipe.java,okhttp3.recipes.PostStreamingWithPipe$PipeBody,sink/0,false,89,1,1,1,0,1,0,3,1,0,0,0,0,0,0,0,0,0,0,0,0,0,0,0,0,0,3,1,0,false
/Users/thiago/Documents/Thiago/CodeToAnalyze/okhttp/samples/guide/src/main/java/okhttp3/recipes/CurrentDateHeader.java,okhttp3.recipes.CurrentDateHeader,main/1[java.lang.String[]],false,55,1,2,0,2,1,1,3,0,0,1,1,1,1,0,0,0,0,0,0,0,0,0,0,0,0,6,9,0,false
/Users/thiago/Documents/Thiago/CodeToAnalyze/okhttp/samples/guide/src/main/java/okhttp3/recipes/CurrentDateHeader.java,okhttp3.recipes.CurrentDateHeader,run/0,false,31,1,1,1,0,1,7,6,0,2,0,7,0,0,0,0,1,0,2,0,2,0,1,0,0,0,6,1,0,false
/Users/thiago/Documents/Thiago/CodeToAnalyze/okhttp/samples/guide/src/main/java/okhttp3/recipes/Progress.java,okhttp3.recipes.Progress$ProgressListener,"update/3[long,long,boolean]",false,124,0,1,1,0,1,0,1,0,0,3,0,0,0,0,0,0,0,0,0,0,0,0,0,0,0,2,0,0,false
/Users/thiago/Documents/Thiago/CodeToAnalyze/okhttp/samples/unixdomainsockets/src/main/java/okhttp3/unixdomainsockets/UnixDomainServerSocketFactory.java,okhttp3.unixdomainsockets.UnixDomainServerSocketFactory,createServerSocket/1[int],false,44,1,1,0,1,1,1,3,1,0,1,1,1,1,0,0,0,0,0,0,0,0,0,0,0,0,7,1,0,false
/Users/thiago/Documents/Thiago/CodeToAnalyze/okhttp/samples/unixdomainsockets/src/main/java/okhttp3/unixdomainsockets/UnixDomainServerSocketFactory.java,okhttp3.unixdomainsockets.UnixDomainServerSocketFactory,"createServerSocket/2[int,int]",false,48,1,1,0,1,1,1,3,1,0,2,1,1,1,0,0,0,0,0,0,0,0,0,0,0,0,7,1,0,false
/Users/thiago/Documents/Thiago/CodeToAnalyze/okhttp/samples/unixdomainsockets/src/main/java/okhttp3/unixdomainsockets/UnixDomainServerSocketFactory.java,okhttp3.unixdomainsockets.UnixDomainServerSocketFactory,"createServerSocket/3[int,int,java.net.InetAddress]",false,53,1,1,0,1,1,1,3,1,0,3,1,1,1,0,0,0,0,0,0,0,0,0,0,0,0,8,1,0,false
/Users/thiago/Documents/Thiago/CodeToAnalyze/okhttp/samples/unixdomainsockets/src/main/java/okhttp3/unixdomainsockets/UnixDomainServerSocketFactory.java,okhttp3.unixdomainsockets.UnixDomainServerSocketFactory,createServerSocket/0,false,40,1,4,3,1,1,0,3,1,0,0,0,0,0,0,0,0,0,0,0,0,0,0,0,0,0,8,1,0,false
/Users/thiago/Documents/Thiago/CodeToAnalyze/okhttp/samples/unixdomainsockets/src/main/java/okhttp3/unixdomainsockets/UnixDomainServerSocketFactory.java,okhttp3.unixdomainsockets.UnixDomainServerSocketFactory,UnixDomainServerSocketFactory/1[java.io.File],true,36,0,1,1,0,1,0,3,0,0,1,0,0,0,0,0,0,0,0,0,1,0,0,0,0,0,7,1,0,false
/Users/thiago/Documents/Thiago/CodeToAnalyze/okhttp/samples/guide/src/main/java/okhttp3/recipes/PrintEvents.java,okhttp3.recipes.PrintEvents$PrintingEventListener,responseBodyStart/1[okhttp3.recipes.Call],false,180,2,1,0,1,1,1,3,0,0,1,1,1,1,0,0,0,0,1,0,0,0,0,0,0,0,7,1,0,false
/Users/thiago/Documents/Thiago/CodeToAnalyze/okhttp/samples/guide/src/main/java/okhttp3/recipes/PrintEvents.java,okhttp3.recipes.PrintEvents$PrintingEventListener,"proxySelectStart/2[okhttp3.recipes.Call,okhttp3.recipes.HttpUrl]",false,101,3,1,0,1,1,1,3,0,0,2,1,1,1,0,0,0,0,1,0,0,0,0,0,0,0,7,1,0,false
/Users/thiago/Documents/Thiago/CodeToAnalyze/okhttp/samples/guide/src/main/java/okhttp3/recipes/PrintEvents.java,okhttp3.recipes.PrintEvents$PrintingEventListener,"PrintingEventListener/2[long,long]",true,91,0,1,1,0,1,0,4,0,0,2,0,0,0,0,0,0,0,0,0,2,0,0,0,0,0,7,0,0,false
/Users/thiago/Documents/Thiago/CodeToAnalyze/okhttp/samples/guide/src/main/java/okhttp3/recipes/PrintEvents.java,okhttp3.recipes.PrintEvents$PrintingEventListener,secureConnectStart/1[okhttp3.recipes.Call],false,126,2,1,0,1,1,1,3,0,0,1,1,1,1,0,0,0,0,1,0,0,0,0,0,0,0,7,1,0,false
/Users/thiago/Documents/Thiago/CodeToAnalyze/okhttp/samples/guide/src/main/java/okhttp3/recipes/PrintEvents.java,okhttp3.recipes.PrintEvents$PrintingEventListener,"callFailed/2[okhttp3.recipes.Call,java.io.IOException]",false,196,2,1,0,1,1,1,3,0,0,2,1,1,1,0,0,0,0,1,0,0,0,0,0,0,0,6,1,0,false
/Users/thiago/Documents/Thiago/CodeToAnalyze/okhttp/samples/guide/src/main/java/okhttp3/recipes/PrintEvents.java,okhttp3.recipes.PrintEvents$PrintingEventListener,"connectFailed/5[okhttp3.recipes.Call,java.net.InetSocketAddress,java.net.Proxy,okhttp3.recipes.Protocol,java.io.IOException]",false,140,3,1,0,1,1,1,3,0,0,5,1,1,1,0,0,0,0,1,0,0,0,0,0,0,0,6,1,0,false
/Users/thiago/Documents/Thiago/CodeToAnalyze/okhttp/samples/guide/src/main/java/okhttp3/recipes/PrintEvents.java,okhttp3.recipes.PrintEvents$PrintingEventListener,"responseBodyEnd/2[okhttp3.recipes.Call,long]",false,184,2,1,0,1,1,1,3,0,0,2,1,1,1,0,0,0,0,1,0,0,0,0,0,0,0,8,1,0,false
/Users/thiago/Documents/Thiago/CodeToAnalyze/okhttp/samples/guide/src/main/java/okhttp3/recipes/PrintEvents.java,okhttp3.recipes.PrintEvents$PrintingEventListener,"dnsEnd/3[okhttp3.recipes.Call,java.lang.String,java.util.List<java.net.InetAddress>]",false,117,2,1,0,1,1,1,3,0,0,3,1,1,1,0,0,0,0,1,0,0,0,0,0,0,0,8,1,0,false
/Users/thiago/Documents/Thiago/CodeToAnalyze/okhttp/samples/guide/src/main/java/okhttp3/recipes/PrintEvents.java,okhttp3.recipes.PrintEvents$PrintingEventListener,"responseFailed/2[okhttp3.recipes.Call,java.io.IOException]",false,188,2,1,0,1,1,1,3,0,0,2,1,1,1,0,0,0,0,1,0,0,0,0,0,0,0,6,1,0,false
/Users/thiago/Documents/Thiago/CodeToAnalyze/okhttp/samples/guide/src/main/java/okhttp3/recipes/PrintEvents.java,okhttp3.recipes.PrintEvents$PrintingEventListener,requestBodyStart/1[okhttp3.recipes.Call],false,160,2,1,0,1,1,1,3,0,0,1,1,1,1,0,0,0,0,1,0,0,0,0,0,0,0,7,1,0,false
/Users/thiago/Documents/Thiago/CodeToAnalyze/okhttp/samples/guide/src/main/java/okhttp3/recipes/PrintEvents.java,okhttp3.recipes.PrintEvents$PrintingEventListener,canceled/1[okhttp3.recipes.Call],false,200,2,1,0,1,1,1,3,0,0,1,1,1,1,0,0,0,0,1,0,0,0,0,0,0,0,5,1,0,false
/Users/thiago/Documents/Thiago/CodeToAnalyze/okhttp/samples/guide/src/main/java/okhttp3/recipes/PrintEvents.java,okhttp3.recipes.PrintEvents$PrintingEventListener,"connectionReleased/2[okhttp3.recipes.Call,okhttp3.recipes.Connection]",false,148,3,1,0,1,1,1,3,0,0,2,1,1,1,0,0,0,0,1,0,0,0,0,0,0,0,5,1,0,false
/Users/thiago/Documents/Thiago/CodeToAnalyze/okhttp/samples/guide/src/main/java/okhttp3/recipes/PrintEvents.java,okhttp3.recipes.PrintEvents$PrintingEventListener,"connectEnd/4[okhttp3.recipes.Call,java.net.InetSocketAddress,java.net.Proxy,okhttp3.recipes.Protocol]",false,135,3,1,0,1,1,1,3,0,0,4,1,1,1,0,0,0,0,1,0,0,0,0,0,0,0,6,1,0,false
/Users/thiago/Documents/Thiago/CodeToAnalyze/okhttp/samples/guide/src/main/java/okhttp3/recipes/PrintEvents.java,okhttp3.recipes.PrintEvents$PrintingEventListener,"secureConnectEnd/2[okhttp3.recipes.Call,okhttp3.recipes.Handshake]",false,130,3,1,0,1,1,1,3,0,0,2,1,1,1,0,0,0,0,1,0,0,0,0,0,0,0,7,1,0,false
/Users/thiago/Documents/Thiago/CodeToAnalyze/okhttp/samples/guide/src/main/java/okhttp3/recipes/PrintEvents.java,okhttp3.recipes.PrintEvents$PrintingEventListener,callEnd/1[okhttp3.recipes.Call],false,192,2,1,0,1,1,1,3,0,0,1,1,1,1,0,0,0,0,1,0,0,0,0,0,0,0,5,1,0,false
/Users/thiago/Documents/Thiago/CodeToAnalyze/okhttp/samples/guide/src/main/java/okhttp3/recipes/PrintEvents.java,okhttp3.recipes.PrintEvents$PrintingEventListener,printEvent/1[java.lang.String],false,96,0,25,25,0,1,2,4,0,1,1,2,0,0,0,0,0,0,1,1,1,2,0,0,0,0,7,2,0,false
/Users/thiago/Documents/Thiago/CodeToAnalyze/okhttp/samples/guide/src/main/java/okhttp3/recipes/PrintEvents.java,okhttp3.recipes.PrintEvents$PrintingEventListener,"requestBodyEnd/2[okhttp3.recipes.Call,long]",false,164,2,1,0,1,1,1,3,0,0,2,1,1,1,0,0,0,0,1,0,0,0,0,0,0,0,8,1,0,false
/Users/thiago/Documents/Thiago/CodeToAnalyze/okhttp/samples/guide/src/main/java/okhttp3/recipes/PrintEvents.java,okhttp3.recipes.PrintEvents$PrintingEventListener,"requestFailed/2[okhttp3.recipes.Call,java.io.IOException]",false,168,2,1,0,1,1,1,3,0,0,2,1,1,1,0,0,0,0,1,0,0,0,0,0,0,0,6,1,0,false
/Users/thiago/Documents/Thiago/CodeToAnalyze/okhttp/samples/guide/src/main/java/okhttp3/recipes/PrintEvents.java,okhttp3.recipes.PrintEvents$PrintingEventListener,responseHeadersStart/1[okhttp3.recipes.Call],false,172,2,1,0,1,1,1,3,0,0,1,1,1,1,0,0,0,0,1,0,0,0,0,0,0,0,7,1,0,false
/Users/thiago/Documents/Thiago/CodeToAnalyze/okhttp/samples/guide/src/main/java/okhttp3/recipes/PrintEvents.java,okhttp3.recipes.PrintEvents$PrintingEventListener,"connectStart/3[okhttp3.recipes.Call,java.net.InetSocketAddress,java.net.Proxy]",false,122,2,1,0,1,1,1,3,0,0,3,1,1,1,0,0,0,0,1,0,0,0,0,0,0,0,6,1,0,false
/Users/thiago/Documents/Thiago/CodeToAnalyze/okhttp/samples/guide/src/main/java/okhttp3/recipes/PrintEvents.java,okhttp3.recipes.PrintEvents$PrintingEventListener,"requestHeadersEnd/2[okhttp3.recipes.Call,okhttp3.recipes.Request]",false,156,3,1,0,1,1,1,3,0,0,2,1,1,1,0,0,0,0,1,0,0,0,0,0,0,0,6,1,0,false
/Users/thiago/Documents/Thiago/CodeToAnalyze/okhttp/samples/guide/src/main/java/okhttp3/recipes/PrintEvents.java,okhttp3.recipes.PrintEvents$PrintingEventListener,requestHeadersStart/1[okhttp3.recipes.Call],false,152,2,1,0,1,1,1,3,0,0,1,1,1,1,0,0,0,0,1,0,0,0,0,0,0,0,7,1,0,false
/Users/thiago/Documents/Thiago/CodeToAnalyze/okhttp/samples/guide/src/main/java/okhttp3/recipes/PrintEvents.java,okhttp3.recipes.PrintEvents$PrintingEventListener,"dnsStart/2[okhttp3.recipes.Call,java.lang.String]",false,113,2,1,0,1,1,1,3,0,0,2,1,1,1,0,0,0,0,1,0,0,0,0,0,0,0,7,1,0,false
/Users/thiago/Documents/Thiago/CodeToAnalyze/okhttp/samples/guide/src/main/java/okhttp3/recipes/PrintEvents.java,okhttp3.recipes.PrintEvents$PrintingEventListener,"proxySelectEnd/3[okhttp3.recipes.Call,okhttp3.recipes.HttpUrl,java.util.List<java.net.Proxy>]",false,105,3,1,0,1,1,1,3,0,0,3,1,1,1,0,0,0,0,1,0,0,0,0,0,0,0,7,1,0,false
/Users/thiago/Documents/Thiago/CodeToAnalyze/okhttp/samples/guide/src/main/java/okhttp3/recipes/PrintEvents.java,okhttp3.recipes.PrintEvents$PrintingEventListener,callStart/1[okhttp3.recipes.Call],false,109,2,1,0,1,1,1,3,0,0,1,1,1,1,0,0,0,0,1,0,0,0,0,0,0,0,5,1,0,false
/Users/thiago/Documents/Thiago/CodeToAnalyze/okhttp/samples/guide/src/main/java/okhttp3/recipes/PrintEvents.java,okhttp3.recipes.PrintEvents$PrintingEventListener,"responseHeadersEnd/2[okhttp3.recipes.Call,okhttp3.recipes.Response]",false,176,3,1,0,1,1,1,3,0,0,2,1,1,1,0,0,0,0,1,0,0,0,0,0,0,0,6,1,0,false
/Users/thiago/Documents/Thiago/CodeToAnalyze/okhttp/samples/guide/src/main/java/okhttp3/recipes/PrintEvents.java,okhttp3.recipes.PrintEvents$PrintingEventListener,"connectionAcquired/2[okhttp3.recipes.Call,okhttp3.recipes.Connection]",false,144,3,1,0,1,1,1,3,0,0,2,1,1,1,0,0,0,0,1,0,0,0,0,0,0,0,5,1,0,false
/Users/thiago/Documents/Thiago/CodeToAnalyze/okhttp/samples/guide/src/main/java/okhttp3/recipes/CheckHandshake.java,okhttp3.recipes.CheckHandshake$Anonymous1,intercept/1[okhttp3.recipes.Chain],false,34,2,0,0,0,3,7,9,1,1,1,7,0,0,1,0,0,0,1,0,1,1,2,0,0,0,11,1,0,false
/Users/thiago/Documents/Thiago/CodeToAnalyze/okhttp/samples/guide/src/main/java/okhttp3/recipes/SynchronousGet.java,okhttp3.recipes.SynchronousGet,run/0,false,27,2,1,1,0,3,12,11,0,4,0,12,0,0,1,0,1,0,3,1,4,2,2,0,0,0,11,1,0,false
/Users/thiago/Documents/Thiago/CodeToAnalyze/okhttp/samples/guide/src/main/java/okhttp3/recipes/SynchronousGet.java,okhttp3.recipes.SynchronousGet,main/1[java.lang.String[]],false,44,1,2,0,2,1,1,3,0,0,1,1,1,1,0,0,0,0,0,0,0,0,0,0,0,0,5,9,0,false
/Users/thiago/Documents/Thiago/CodeToAnalyze/okhttp/samples/crawler/src/main/java/okhttp3/sample/Crawler.java,okhttp3.sample.Crawler,fetch/1[okhttp3.sample.HttpUrl],false,89,4,1,1,0,11,25,28,3,12,1,25,0,0,1,6,1,1,9,1,13,1,3,0,0,0,35,1,0,false
/Users/thiago/Documents/Thiago/CodeToAnalyze/okhttp/samples/crawler/src/main/java/okhttp3/sample/Crawler.java,okhttp3.sample.Crawler,main/1[java.lang.String[]],false,130,3,2,0,2,2,7,15,1,7,1,7,1,3,0,1,0,0,1,10,7,1,1,0,0,0,24,9,0,false
/Users/thiago/Documents/Thiago/CodeToAnalyze/okhttp/samples/crawler/src/main/java/okhttp3/sample/Crawler.java,okhttp3.sample.Crawler,drainQueue/0,false,70,1,2,1,1,4,7,19,0,3,0,7,1,1,1,1,1,1,2,0,3,1,2,0,0,0,15,2,0,false
/Users/thiago/Documents/Thiago/CodeToAnalyze/okhttp/samples/crawler/src/main/java/okhttp3/sample/Crawler.java,okhttp3.sample.Crawler,"Crawler/3[okhttp3.sample.OkHttpClient,int,int]",true,50,1,1,1,0,1,0,5,0,0,3,0,0,0,0,0,0,0,0,0,3,0,0,0,0,0,8,1,0,false
/Users/thiago/Documents/Thiago/CodeToAnalyze/okhttp/samples/crawler/src/main/java/okhttp3/sample/Crawler.java,okhttp3.sample.Crawler,parallelDrainQueue/1[int],false,56,1,2,1,1,3,5,15,0,2,1,5,1,2,1,0,1,0,0,1,2,0,3,0,0,1,12,2,0,false
/Users/thiago/Documents/Thiago/CodeToAnalyze/okhttp/regression-test/src/androidTest/java/okhttp/regression/compare/OkHttpClientTest.java,okhttp.regression.compare.OkHttpClientTest,get/0,false,36,3,0,0,0,1,7,8,0,3,0,7,0,0,0,0,1,0,1,1,3,0,1,0,0,0,14,1,0,false
/Users/thiago/Documents/Thiago/CodeToAnalyze/okhttp/okhttp-zstd/src/test/java/okhttp3/zstd/ZstdInterceptorJavaTest.java,okhttp3.zstd.ZstdInterceptorJavaTest,testConstructor/0,false,25,2,0,0,0,1,0,3,0,1,0,0,0,0,0,0,0,0,0,0,1,0,0,0,0,0,5,1,0,false
/Users/thiago/Documents/Thiago/CodeToAnalyze/okhttp/samples/guide/src/main/java/okhttp3/recipes/UploadProgress.java,okhttp3.recipes.UploadProgress$ProgressListener,"update/3[long,long,boolean]",false,136,0,2,2,0,1,0,1,0,0,3,0,0,0,0,0,0,0,0,0,0,0,0,0,0,0,2,0,0,false
/Users/thiago/Documents/Thiago/CodeToAnalyze/okhttp/samples/guide/src/main/java/okhttp3/recipes/LoggingInterceptors.java,okhttp3.recipes.LoggingInterceptors,main/1[java.lang.String[]],false,55,1,2,0,2,1,1,3,0,0,1,1,1,1,0,0,0,0,0,0,0,0,0,0,0,0,5,9,0,false
/Users/thiago/Documents/Thiago/CodeToAnalyze/okhttp/samples/guide/src/main/java/okhttp3/recipes/LoggingInterceptors.java,okhttp3.recipes.LoggingInterceptors,run/0,false,31,2,1,1,0,1,6,5,0,2,0,6,0,0,0,0,0,0,1,0,2,0,0,0,0,0,6,1,0,false
/Users/thiago/Documents/Thiago/CodeToAnalyze/okhttp/module-tests/src/test/java/okhttp3/modules/test/JavaModuleTest.java,okhttp3.modules.test.JavaModuleTest,testModules/0,false,57,3,0,0,0,1,7,8,0,2,0,7,0,0,0,0,0,0,4,0,2,0,0,0,0,0,10,1,0,false
/Users/thiago/Documents/Thiago/CodeToAnalyze/okhttp/module-tests/src/test/java/okhttp3/modules/test/JavaModuleTest.java,okhttp3.modules.test.JavaModuleTest,testVisibility/0,false,37,2,1,0,1,1,2,3,0,0,0,2,0,0,0,0,0,0,1,0,0,0,0,0,0,0,2,1,0,false
/Users/thiago/Documents/Thiago/CodeToAnalyze/okhttp/module-tests/src/test/java/okhttp3/modules/test/JavaModuleTest.java,okhttp3.modules.test.JavaModuleTest,testMockWebServer/0,false,43,5,1,0,1,1,9,9,0,3,0,9,0,0,0,0,1,0,2,1,3,0,1,0,0,0,13,1,0,false
/Users/thiago/Documents/Thiago/CodeToAnalyze/okhttp/samples/guide/src/main/java/okhttp3/recipes/PreemptiveAuth.java,okhttp3.recipes.PreemptiveAuth$BasicAuthInterceptor,"BasicAuthInterceptor/3[java.lang.String,java.lang.String,java.lang.String]",true,55,0,1,1,0,1,1,4,0,0,3,1,0,0,0,0,0,0,0,0,2,0,0,0,0,0,5,0,0,false
/Users/thiago/Documents/Thiago/CodeToAnalyze/okhttp/samples/guide/src/main/java/okhttp3/recipes/PreemptiveAuth.java,okhttp3.recipes.PreemptiveAuth$BasicAuthInterceptor,intercept/1[okhttp3.recipes.Chain],false,60,3,0,0,0,2,8,7,1,1,1,8,0,0,0,0,0,0,1,0,2,0,1,0,0,0,10,1,0,false
/Users/thiago/Documents/Thiago/CodeToAnalyze/okhttp/samples/guide/src/main/java/okhttp3/recipes/CustomTrust.java,okhttp3.recipes.CustomTrust,main/1[java.lang.String[]],false,164,1,2,0,2,1,1,3,0,0,1,1,1,1,0,0,0,0,0,0,0,0,0,0,0,0,5,9,0,false
/Users/thiago/Documents/Thiago/CodeToAnalyze/okhttp/samples/guide/src/main/java/okhttp3/recipes/CustomTrust.java,okhttp3.recipes.CustomTrust,CustomTrust/0,true,128,2,1,1,0,1,4,4,0,1,0,4,0,0,0,0,0,0,0,0,2,0,0,0,0,0,15,1,0,false
/Users/thiago/Documents/Thiago/CodeToAnalyze/okhttp/samples/guide/src/main/java/okhttp3/recipes/CustomTrust.java,okhttp3.recipes.CustomTrust,run/0,false,145,2,1,1,0,3,12,13,0,4,0,12,0,0,1,0,1,0,3,1,4,2,3,0,0,0,11,1,0,false
/Users/thiago/Documents/Thiago/CodeToAnalyze/okhttp/samples/guide/src/main/java/okhttp3/recipes/PostForm.java,okhttp3.recipes.PostForm,run/0,false,28,3,1,1,0,2,10,8,0,3,0,10,0,0,0,0,1,0,4,0,3,1,2,0,0,0,12,1,0,false
/Users/thiago/Documents/Thiago/CodeToAnalyze/okhttp/samples/guide/src/main/java/okhttp3/recipes/PostForm.java,okhttp3.recipes.PostForm,main/1[java.lang.String[]],false,44,1,2,0,2,1,1,3,0,0,1,1,1,1,0,0,0,0,0,0,0,0,0,0,0,0,5,9,0,false
/Users/thiago/Documents/Thiago/CodeToAnalyze/okhttp/samples/guide/src/main/java/okhttp3/recipes/AsynchronousGet.java,okhttp3.recipes.AsynchronousGet$Anonymous1,"onResponse/2[okhttp3.recipes.Call,okhttp3.recipes.Response]",false,40,3,0,0,0,3,8,10,0,4,2,8,0,0,1,0,1,0,2,1,4,2,2,0,0,0,12,1,0,false
/Users/thiago/Documents/Thiago/CodeToAnalyze/okhttp/samples/guide/src/main/java/okhttp3/recipes/AsynchronousGet.java,okhttp3.recipes.AsynchronousGet$Anonymous1,"onFailure/2[okhttp3.recipes.Call,java.io.IOException]",false,36,1,0,0,0,1,1,3,0,0,2,1,0,0,0,0,0,0,0,0,0,0,0,0,0,0,4,1,0,false
/Users/thiago/Documents/Thiago/CodeToAnalyze/okhttp/samples/guide/src/main/java/okhttp3/recipes/RequestBodyCompression.java,okhttp3.recipes.RequestBodyCompression,main/1[java.lang.String[]],false,65,1,2,0,2,1,1,3,0,0,1,1,1,1,0,0,0,0,0,0,0,0,0,0,0,0,6,9,0,false
/Users/thiago/Documents/Thiago/CodeToAnalyze/okhttp/samples/guide/src/main/java/okhttp3/recipes/RequestBodyCompression.java,okhttp3.recipes.RequestBodyCompression,run/0,false,48,2,1,1,0,2,12,10,0,4,0,12,0,0,0,0,1,0,4,0,4,2,2,0,0,0,24,1,0,false
/Users/thiago/Documents/Thiago/CodeToAnalyze/okhttp/samples/guide/src/main/java/okhttp3/recipes/Progress.java,okhttp3.recipes.Progress$ProgressResponseBody$Anonymous2,"read/2[okhttp3.recipes.Buffer,long]",false,112,2,1,0,1,3,3,6,1,1,2,3,0,0,0,2,0,0,0,3,2,0,0,0,0,0,11,1,0,false
/Users/thiago/Documents/Thiago/CodeToAnalyze/okhttp/samples/guide/src/main/java/okhttp3/recipes/PrintEvents.java,okhttp3.recipes.PrintEvents$Anonymous1,"onFailure/2[okhttp3.recipes.Call,java.io.IOException]",false,46,1,0,0,0,1,0,2,0,0,2,0,0,0,0,0,0,0,0,0,0,0,0,0,0,0,4,1,0,false
/Users/thiago/Documents/Thiago/CodeToAnalyze/okhttp/samples/guide/src/main/java/okhttp3/recipes/PrintEvents.java,okhttp3.recipes.PrintEvents$Anonymous1,"onResponse/2[okhttp3.recipes.Call,okhttp3.recipes.Response]",false,49,2,0,0,0,1,3,5,0,1,2,3,0,0,0,0,1,0,0,0,1,0,1,0,0,0,9,1,0,false
/Users/thiago/Documents/Thiago/CodeToAnalyze/okhttp/regression-test/src/androidTest/java/okhttp/regression/LetsEncryptTest.java,okhttp.regression.LetsEncryptTest,getFailsWithoutAdditionalCert/0,false,49,3,1,0,1,4,3,13,0,2,0,3,1,1,0,0,1,0,1,1,2,0,2,0,0,0,25,1,0,false
/Users/thiago/Documents/Thiago/CodeToAnalyze/okhttp/regression-test/src/androidTest/java/okhttp/regression/LetsEncryptTest.java,okhttp.regression.LetsEncryptTest,getPassesAdditionalCert/0,false,63,4,1,0,1,5,10,22,0,7,0,10,1,1,0,0,1,0,35,1,7,1,2,0,0,0,177,1,0,false
/Users/thiago/Documents/Thiago/CodeToAnalyze/okhttp/regression-test/src/androidTest/java/okhttp/regression/LetsEncryptTest.java,okhttp.regression.LetsEncryptTest,"sendRequest/2[okhttp.regression.OkHttpClient,java.lang.String]",false,130,2,2,2,0,3,8,7,0,2,2,8,0,0,0,2,1,0,0,2,2,0,1,0,0,0,15,2,0,false
/Users/thiago/Documents/Thiago/CodeToAnalyze/okhttp/samples/guide/src/main/java/okhttp3/recipes/PrintEvents.java,okhttp3.recipes.PrintEvents$Anonymous2,"onResponse/2[okhttp3.recipes.Call,okhttp3.recipes.Response]",false,64,2,0,0,0,1,3,5,0,1,2,3,0,0,0,0,1,0,0,0,1,0,1,0,0,0,9,1,0,false
/Users/thiago/Documents/Thiago/CodeToAnalyze/okhttp/samples/guide/src/main/java/okhttp3/recipes/PrintEvents.java,okhttp3.recipes.PrintEvents$Anonymous2,"onFailure/2[okhttp3.recipes.Call,java.io.IOException]",false,61,1,0,0,0,1,0,2,0,0,2,0,0,0,0,0,0,0,0,0,0,0,0,0,0,0,4,1,0,false
/Users/thiago/Documents/Thiago/CodeToAnalyze/okhttp/samples/guide/src/main/java/okhttp3/recipes/PostStreamingWithPipe.java,okhttp3.recipes.PostStreamingWithPipe,main/1[java.lang.String[]],false,102,1,2,0,2,1,1,3,0,0,1,1,1,2,0,0,0,0,0,0,0,0,0,0,0,0,7,9,0,false
/Users/thiago/Documents/Thiago/CodeToAnalyze/okhttp/samples/guide/src/main/java/okhttp3/recipes/PostStreamingWithPipe.java,okhttp3.recipes.PostStreamingWithPipe,streamPrimesToSinkAsynchronously/1[okhttp3.recipes.BufferedSink],false,51,1,2,1,1,1,1,28,0,1,1,1,0,0,0,0,0,0,1,0,1,0,0,1,0,0,19,2,0,false
/Users/thiago/Documents/Thiago/CodeToAnalyze/okhttp/samples/guide/src/main/java/okhttp3/recipes/PostStreamingWithPipe.java,okhttp3.recipes.PostStreamingWithPipe,run/0,false,34,3,4,1,3,2,11,9,0,3,0,11,1,1,0,0,1,0,2,0,3,1,2,0,0,0,18,1,0,false
/Users/thiago/Documents/Thiago/CodeToAnalyze/okhttp/samples/guide/src/main/java/okhttp3/recipes/AccessHeaders.java,okhttp3.recipes.AccessHeaders,run/0,false,26,1,1,1,0,2,9,9,0,2,0,9,0,0,0,0,1,0,14,0,2,4,2,0,0,0,14,1,0,false
/Users/thiago/Documents/Thiago/CodeToAnalyze/okhttp/samples/guide/src/main/java/okhttp3/recipes/AccessHeaders.java,okhttp3.recipes.AccessHeaders,main/1[java.lang.String[]],false,43,1,2,0,2,1,1,3,0,0,1,1,1,1,0,0,0,0,0,0,0,0,0,0,0,0,5,9,0,false
/Users/thiago/Documents/Thiago/CodeToAnalyze/okhttp/samples/slack/src/main/java/okhttp3/slack/RtmSession.java,okhttp3.slack.RtmSession,"onMessage/2[okhttp3.slack.WebSocket,java.lang.String]",false,49,1,0,0,0,1,1,3,0,0,2,1,0,0,0,0,0,0,1,0,0,1,0,0,0,0,5,1,0,false
/Users/thiago/Documents/Thiago/CodeToAnalyze/okhttp/samples/slack/src/main/java/okhttp3/slack/RtmSession.java,okhttp3.slack.RtmSession,close/0,false,63,1,0,0,0,3,1,10,1,1,0,1,0,0,0,2,0,0,1,1,1,0,1,0,0,0,8,1,0,false
/Users/thiago/Documents/Thiago/CodeToAnalyze/okhttp/samples/slack/src/main/java/okhttp3/slack/RtmSession.java,okhttp3.slack.RtmSession,open/1[java.lang.String],false,35,2,3,1,2,2,2,5,0,1,1,2,0,0,0,1,0,0,0,0,2,0,1,0,0,0,15,1,0,false
/Users/thiago/Documents/Thiago/CodeToAnalyze/okhttp/samples/slack/src/main/java/okhttp3/slack/RtmSession.java,okhttp3.slack.RtmSession,"onClosing/3[okhttp3.slack.WebSocket,int,java.lang.String]",false,53,1,0,0,0,1,2,4,0,0,3,2,0,0,0,0,0,0,2,1,0,1,0,0,0,0,6,1,0,false
/Users/thiago/Documents/Thiago/CodeToAnalyze/okhttp/samples/slack/src/main/java/okhttp3/slack/RtmSession.java,okhttp3.slack.RtmSession,"onOpen/2[okhttp3.slack.WebSocket,okhttp3.slack.Response]",false,44,2,0,0,0,1,1,3,0,0,2,1,0,0,0,0,0,0,1,0,0,1,0,0,0,0,5,33,0,false
/Users/thiago/Documents/Thiago/CodeToAnalyze/okhttp/samples/slack/src/main/java/okhttp3/slack/RtmSession.java,okhttp3.slack.RtmSession,RtmSession/1[okhttp3.slack.SlackApi],true,31,1,1,1,0,1,0,3,0,0,1,0,0,0,0,0,0,0,0,0,1,0,0,0,0,0,5,1,0,false
/Users/thiago/Documents/Thiago/CodeToAnalyze/okhttp/samples/slack/src/main/java/okhttp3/slack/RtmSession.java,okhttp3.slack.RtmSession,"onFailure/3[okhttp3.slack.WebSocket,java.lang.Throwable,okhttp3.slack.Response]",false,58,2,0,0,0,1,1,3,0,0,3,1,0,0,0,0,0,0,1,0,0,1,0,0,0,0,5,1,0,false
/Users/thiago/Documents/Thiago/CodeToAnalyze/okhttp/samples/guide/src/main/java/okhttp3/recipes/Progress.java,okhttp3.recipes.Progress,main/1[java.lang.String[]],false,78,1,2,0,2,1,1,3,0,0,1,1,1,1,0,0,0,0,0,0,0,0,0,0,0,0,4,9,0,false
/Users/thiago/Documents/Thiago/CodeToAnalyze/okhttp/samples/guide/src/main/java/okhttp3/recipes/Progress.java,okhttp3.recipes.Progress,run/0,false,32,5,2,1,1,2,12,36,1,6,0,12,0,0,0,0,1,0,2,0,5,1,2,1,0,1,29,1,0,false
/Users/thiago/Documents/Thiago/CodeToAnalyze/okhttp/samples/slack/src/main/java/okhttp3/slack/OAuthSessionFactory.java,okhttp3.slack.OAuthSessionFactory,randomToken/0,false,68,2,1,1,0,1,2,5,1,1,0,2,0,0,0,0,0,0,0,1,1,0,0,0,0,0,5,2,0,false
/Users/thiago/Documents/Thiago/CodeToAnalyze/okhttp/samples/slack/src/main/java/okhttp3/slack/OAuthSessionFactory.java,okhttp3.slack.OAuthSessionFactory,redirectUrl/0,false,74,1,2,2,0,1,1,3,1,0,0,1,0,0,0,0,0,0,1,0,0,0,0,0,0,0,4,2,0,false
/Users/thiago/Documents/Thiago/CodeToAnalyze/okhttp/samples/slack/src/main/java/okhttp3/slack/OAuthSessionFactory.java,okhttp3.slack.OAuthSessionFactory,dispatch/1[okhttp3.slack.RecordedRequest],false,79,8,3,0,3,5,13,24,3,6,1,13,1,1,0,3,1,0,6,3,6,1,1,0,0,0,37,1,0,true
/Users/thiago/Documents/Thiago/CodeToAnalyze/okhttp/samples/slack/src/main/java/okhttp3/slack/OAuthSessionFactory.java,okhttp3.slack.OAuthSessionFactory,OAuthSessionFactory/1[okhttp3.slack.SlackApi],true,45,1,1,1,0,1,0,3,0,0,1,0,0,0,0,0,0,0,0,0,1,0,0,0,0,0,7,1,0,false
/Users/thiago/Documents/Thiago/CodeToAnalyze/okhttp/samples/slack/src/main/java/okhttp3/slack/OAuthSessionFactory.java,okhttp3.slack.OAuthSessionFactory,start/0,false,49,1,1,1,0,2,2,6,0,0,0,2,0,0,0,1,0,0,0,0,1,0,1,0,0,0,9,1,0,false
/Users/thiago/Documents/Thiago/CodeToAnalyze/okhttp/samples/slack/src/main/java/okhttp3/slack/OAuthSessionFactory.java,okhttp3.slack.OAuthSessionFactory,"newAuthorizeUrl/3[java.lang.String,java.lang.String,okhttp3.slack.OAuthSessionFactory.Listener]",false,57,5,4,1,3,2,4,8,1,1,3,4,2,1,0,1,0,0,0,0,1,0,1,0,0,0,17,1,0,false
/Users/thiago/Documents/Thiago/CodeToAnalyze/okhttp/samples/slack/src/main/java/okhttp3/slack/OAuthSessionFactory.java,okhttp3.slack.OAuthSessionFactory,close/0,false,119,0,0,0,0,3,1,8,0,0,0,1,0,0,0,1,1,0,0,0,0,0,1,0,0,0,11,1,0,false
/Users/thiago/Documents/Thiago/CodeToAnalyze/okhttp/samples/guide/src/main/java/okhttp3/recipes/CancelCall.java,okhttp3.recipes.CancelCall,main/1[java.lang.String[]],false,56,1,2,0,2,1,1,3,0,0,1,1,1,1,0,0,0,0,0,0,0,0,0,0,0,0,5,9,0,false
/Users/thiago/Documents/Thiago/CodeToAnalyze/okhttp/samples/guide/src/main/java/okhttp3/recipes/CancelCall.java,okhttp3.recipes.CancelCall,run/0,false,31,2,1,1,0,2,8,18,0,4,0,8,0,0,0,0,1,5,6,6,4,10,1,0,0,1,24,1,0,false
/Users/thiago/Documents/Thiago/CodeToAnalyze/okhttp/samples/guide/src/main/java/okhttp3/recipes/CertificatePinning.java,okhttp3.recipes.CertificatePinning,main/1[java.lang.String[]],false,47,1,2,0,2,1,1,3,0,0,1,1,1,1,0,0,0,0,0,0,0,0,0,0,0,0,5,9,0,false
/Users/thiago/Documents/Thiago/CodeToAnalyze/okhttp/samples/guide/src/main/java/okhttp3/recipes/CertificatePinning.java,okhttp3.recipes.CertificatePinning,run/0,false,33,1,1,1,0,3,9,9,0,2,0,9,0,0,1,0,1,0,2,0,2,1,2,0,0,0,11,1,0,false
/Users/thiago/Documents/Thiago/CodeToAnalyze/okhttp/samples/static-server/src/main/java/okhttp3/sample/SampleServer.java,okhttp3.sample.SampleServer,"SampleServer/3[javax.net.ssl.SSLContext,java.lang.String,int]",true,26,0,1,1,0,1,0,5,0,0,3,0,0,0,0,0,0,0,0,0,3,0,0,0,0,0,8,1,0,false
/Users/thiago/Documents/Thiago/CodeToAnalyze/okhttp/samples/static-server/src/main/java/okhttp3/sample/SampleServer.java,okhttp3.sample.SampleServer,"fileToResponse/2[java.lang.String,java.io.File]",false,79,2,3,1,2,1,5,3,1,0,2,5,2,1,0,0,0,0,2,0,0,1,0,0,0,0,11,2,0,false
/Users/thiago/Documents/Thiago/CodeToAnalyze/okhttp/samples/static-server/src/main/java/okhttp3/sample/SampleServer.java,okhttp3.sample.SampleServer,contentType/1[java.lang.String],false,92,0,1,1,0,7,1,9,7,0,1,1,0,0,0,0,0,0,13,0,0,0,1,0,0,0,8,2,0,false
/Users/thiago/Documents/Thiago/CodeToAnalyze/okhttp/samples/static-server/src/main/java/okhttp3/sample/SampleServer.java,okhttp3.sample.SampleServer,main/1[java.lang.String[]],false,102,1,3,0,3,2,4,13,1,6,1,4,2,1,0,1,0,0,1,5,6,0,1,0,0,0,16,9,0,false
/Users/thiago/Documents/Thiago/CodeToAnalyze/okhttp/samples/static-server/src/main/java/okhttp3/sample/SampleServer.java,okhttp3.sample.SampleServer,"directoryToResponse/2[java.lang.String,java.io.File]",false,61,1,1,1,0,3,8,11,1,1,2,8,0,0,1,0,0,0,8,0,2,1,1,0,0,0,21,2,0,false
/Users/thiago/Documents/Thiago/CodeToAnalyze/okhttp/samples/static-server/src/main/java/okhttp3/sample/SampleServer.java,okhttp3.sample.SampleServer,"sslContext/2[java.lang.String,java.lang.String]",false,119,0,1,1,0,1,14,13,1,5,2,14,0,0,0,0,1,0,1,0,5,0,1,0,0,0,22,10,0,false
/Users/thiago/Documents/Thiago/CodeToAnalyze/okhttp/samples/static-server/src/main/java/okhttp3/sample/SampleServer.java,okhttp3.sample.SampleServer,run/0,false,32,1,1,1,0,1,4,6,0,1,0,4,0,0,0,0,0,0,0,0,1,0,0,0,0,0,9,1,0,false
/Users/thiago/Documents/Thiago/CodeToAnalyze/okhttp/samples/static-server/src/main/java/okhttp3/sample/SampleServer.java,okhttp3.sample.SampleServer,dispatch/1[okhttp3.sample.RecordedRequest],false,39,3,2,0,2,6,9,14,3,2,1,9,2,2,0,0,1,0,8,0,2,3,2,0,0,0,22,1,0,false
/Users/thiago/Documents/Thiago/CodeToAnalyze/okhttp/samples/static-server/src/main/java/okhttp3/sample/SampleServer.java,okhttp3.sample.SampleServer,fileToBytes/1[java.io.File],false,86,1,1,1,0,1,2,5,1,1,1,2,0,0,0,0,0,0,0,0,1,0,0,0,0,0,9,2,0,false
/Users/thiago/Documents/Thiago/CodeToAnalyze/okhttp/samples/guide/src/main/java/okhttp3/recipes/CustomCipherSuites.java,okhttp3.recipes.CustomCipherSuites$Anonymous1,configureSocket/1[javax.net.ssl.SSLSocket],false,62,1,1,0,1,1,3,4,1,0,1,3,0,0,0,0,0,0,0,0,0,0,0,0,0,0,10,4,0,false
/Users/thiago/Documents/Thiago/CodeToAnalyze/okhttp/samples/guide/src/main/java/okhttp3/recipes/PrintEvents.java,okhttp3.recipes.PrintEvents,run/0,false,41,2,1,1,0,1,4,24,0,2,0,4,0,0,0,0,0,0,2,0,2,0,0,2,0,0,19,1,0,false
/Users/thiago/Documents/Thiago/CodeToAnalyze/okhttp/samples/guide/src/main/java/okhttp3/recipes/PrintEvents.java,okhttp3.recipes.PrintEvents,main/1[java.lang.String[]],false,73,1,2,0,2,1,1,3,0,0,1,1,1,1,0,0,0,0,0,0,0,0,0,0,0,0,5,9,0,false
/Users/thiago/Documents/Thiago/CodeToAnalyze/okhttp/samples/guide/src/main/java/okhttp3/guide/GetExample.java,okhttp3.guide.GetExample,main/1[java.lang.String[]],false,36,1,2,0,2,1,2,5,0,2,1,2,1,1,0,0,0,0,1,0,2,0,0,0,0,0,12,9,0,false
/Users/thiago/Documents/Thiago/CodeToAnalyze/okhttp/samples/guide/src/main/java/okhttp3/guide/GetExample.java,okhttp3.guide.GetExample,run/1[java.lang.String],false,26,1,1,1,0,1,6,6,1,2,1,6,0,0,0,0,1,0,0,0,2,0,1,0,0,0,9,0,0,false
/Users/thiago/Documents/Thiago/CodeToAnalyze/okhttp/samples/guide/src/main/java/okhttp3/recipes/UploadProgress.java,okhttp3.recipes.UploadProgress$ProgressRequestBody,contentLength/0,false,100,0,2,2,0,1,1,3,1,0,0,1,0,0,0,0,0,0,0,0,0,0,0,0,0,0,5,1,0,false
/Users/thiago/Documents/Thiago/CodeToAnalyze/okhttp/samples/guide/src/main/java/okhttp3/recipes/UploadProgress.java,okhttp3.recipes.UploadProgress$ProgressRequestBody,sink/1[okhttp3.recipes.Sink],false,111,3,1,1,0,1,0,19,1,0,1,0,0,0,0,0,0,0,0,0,0,0,0,1,0,0,19,1,0,false
/Users/thiago/Documents/Thiago/CodeToAnalyze/okhttp/samples/guide/src/main/java/okhttp3/recipes/UploadProgress.java,okhttp3.recipes.UploadProgress$ProgressRequestBody,"ProgressRequestBody/2[okhttp3.recipes.RequestBody,okhttp3.recipes.UploadProgress.ProgressListener]",true,89,2,1,1,0,1,0,4,0,0,2,0,0,0,0,0,0,0,0,0,2,0,0,0,0,0,6,1,0,false
/Users/thiago/Documents/Thiago/CodeToAnalyze/okhttp/samples/guide/src/main/java/okhttp3/recipes/UploadProgress.java,okhttp3.recipes.UploadProgress$ProgressRequestBody,writeTo/1[okhttp3.recipes.BufferedSink],false,105,2,1,0,1,1,4,5,0,1,1,4,1,1,0,0,0,0,0,0,1,0,0,0,0,0,9,1,0,false
/Users/thiago/Documents/Thiago/CodeToAnalyze/okhttp/samples/guide/src/main/java/okhttp3/recipes/UploadProgress.java,okhttp3.recipes.UploadProgress$ProgressRequestBody,contentType/0,false,95,1,0,0,0,1,1,3,1,0,0,1,0,0,0,0,0,0,0,0,0,0,0,0,0,0,3,1,0,false
/Users/thiago/Documents/Thiago/CodeToAnalyze/okhttp/samples/guide/src/main/java/okhttp3/recipes/Authenticate.java,okhttp3.recipes.Authenticate,Authenticate/0,true,27,2,1,1,0,2,8,12,2,3,0,8,0,0,0,1,0,0,6,0,2,2,2,0,0,1,5,1,0,false
/Users/thiago/Documents/Thiago/CodeToAnalyze/okhttp/samples/guide/src/main/java/okhttp3/recipes/Authenticate.java,okhttp3.recipes.Authenticate,run/0,false,44,1,1,1,0,2,8,7,0,2,0,8,0,0,0,0,1,0,2,0,2,1,2,0,0,0,10,1,0,false
/Users/thiago/Documents/Thiago/CodeToAnalyze/okhttp/samples/guide/src/main/java/okhttp3/recipes/Authenticate.java,okhttp3.recipes.Authenticate,main/1[java.lang.String[]],false,56,1,2,0,2,1,1,3,0,0,1,1,1,1,0,0,0,0,0,0,0,0,0,0,0,0,4,9,0,false
/Users/thiago/Documents/Thiago/CodeToAnalyze/okhttp/samples/unixdomainsockets/src/main/java/okhttp3/unixdomainsockets/TunnelingUnixSocket.java,okhttp3.unixdomainsockets.TunnelingUnixSocket,connect/1[java.net.SocketAddress],false,45,1,0,0,0,1,1,4,0,0,1,1,0,0,0,0,0,0,0,1,1,0,0,0,0,0,10,1,0,false
/Users/thiago/Documents/Thiago/CodeToAnalyze/okhttp/samples/unixdomainsockets/src/main/java/okhttp3/unixdomainsockets/TunnelingUnixSocket.java,okhttp3.unixdomainsockets.TunnelingUnixSocket,"connect/2[java.net.SocketAddress,int]",false,50,1,0,0,0,1,1,4,0,0,2,1,0,0,0,0,0,0,0,0,1,0,0,0,0,0,11,1,0,false
/Users/thiago/Documents/Thiago/CodeToAnalyze/okhttp/samples/unixdomainsockets/src/main/java/okhttp3/unixdomainsockets/TunnelingUnixSocket.java,okhttp3.unixdomainsockets.TunnelingUnixSocket,"TunnelingUnixSocket/3[java.io.File,okhttp3.unixdomainsockets.UnixSocketChannel,java.net.InetSocketAddress]",true,40,1,1,1,0,1,0,4,0,0,3,0,0,0,0,0,0,0,0,0,1,0,0,0,0,0,5,0,0,false
/Users/thiago/Documents/Thiago/CodeToAnalyze/okhttp/samples/unixdomainsockets/src/main/java/okhttp3/unixdomainsockets/TunnelingUnixSocket.java,okhttp3.unixdomainsockets.TunnelingUnixSocket,"TunnelingUnixSocket/2[java.io.File,okhttp3.unixdomainsockets.UnixSocketChannel]",true,35,1,1,1,0,1,0,4,0,0,2,0,0,0,0,0,0,0,0,0,1,0,0,0,0,0,6,0,0,false
/Users/thiago/Documents/Thiago/CodeToAnalyze/okhttp/samples/unixdomainsockets/src/main/java/okhttp3/unixdomainsockets/TunnelingUnixSocket.java,okhttp3.unixdomainsockets.TunnelingUnixSocket,getInetAddress/0,false,55,0,0,0,0,1,1,3,1,0,0,1,0,0,0,0,0,0,0,0,0,0,0,0,0,0,3,1,0,false
/Users/thiago/Documents/Thiago/CodeToAnalyze/okhttp/samples/guide/src/main/java/okhttp3/recipes/UploadProgress.java,okhttp3.recipes.UploadProgress$ProgressRequestBody$Anonymous2,"write/2[okhttp3.recipes.Buffer,long]",false,117,3,2,0,2,1,3,5,0,0,2,3,0,0,0,0,0,0,0,0,1,0,0,0,0,0,10,1,0,false
/Users/thiago/Documents/Thiago/CodeToAnalyze/okhttp/samples/guide/src/main/java/okhttp3/recipes/UploadProgress.java,okhttp3.recipes.UploadProgress$ProgressRequestBody$Anonymous2,close/0,false,124,2,2,0,2,2,3,7,0,0,0,3,0,0,0,0,0,0,0,0,1,0,1,0,0,0,6,1,0,false
/Users/thiago/Documents/Thiago/CodeToAnalyze/okhttp/samples/guide/src/main/java/okhttp3/recipes/CheckHandshake.java,okhttp3.recipes.CheckHandshake,main/1[java.lang.String[]],false,61,1,2,0,2,1,1,3,0,0,1,1,1,1,0,0,0,0,0,0,0,0,0,0,0,0,5,9,0,false
/Users/thiago/Documents/Thiago/CodeToAnalyze/okhttp/samples/guide/src/main/java/okhttp3/recipes/CheckHandshake.java,okhttp3.recipes.CheckHandshake,run/0,false,49,1,1,1,0,2,8,7,0,2,0,8,0,0,0,0,1,0,2,0,2,1,2,0,0,0,9,1,0,false
/Users/thiago/Documents/Thiago/CodeToAnalyze/okhttp/samples/guide/src/main/java/okhttp3/recipes/PrintEventsNonConcurrent.java,okhttp3.recipes.PrintEventsNonConcurrent$PrintingEventListener,"secureConnectEnd/2[okhttp3.recipes.Call,okhttp3.recipes.Handshake]",false,105,3,1,0,1,1,1,3,0,0,2,1,1,1,0,0,0,0,1,0,0,0,0,0,0,0,7,1,0,false
/Users/thiago/Documents/Thiago/CodeToAnalyze/okhttp/samples/guide/src/main/java/okhttp3/recipes/PrintEventsNonConcurrent.java,okhttp3.recipes.PrintEventsNonConcurrent$PrintingEventListener,"requestHeadersEnd/2[okhttp3.recipes.Call,okhttp3.recipes.Request]",false,131,3,1,0,1,1,1,3,0,0,2,1,1,1,0,0,0,0,1,0,0,0,0,0,0,0,6,1,0,false
/Users/thiago/Documents/Thiago/CodeToAnalyze/okhttp/samples/guide/src/main/java/okhttp3/recipes/PrintEventsNonConcurrent.java,okhttp3.recipes.PrintEventsNonConcurrent$PrintingEventListener,responseHeadersStart/1[okhttp3.recipes.Call],false,147,2,1,0,1,1,1,3,0,0,1,1,1,1,0,0,0,0,1,0,0,0,0,0,0,0,7,1,0,false
/Users/thiago/Documents/Thiago/CodeToAnalyze/okhttp/samples/guide/src/main/java/okhttp3/recipes/PrintEventsNonConcurrent.java,okhttp3.recipes.PrintEventsNonConcurrent$PrintingEventListener,"connectStart/3[okhttp3.recipes.Call,java.net.InetSocketAddress,java.net.Proxy]",false,97,2,1,0,1,1,1,3,0,0,3,1,1,1,0,0,0,0,1,0,0,0,0,0,0,0,6,1,0,false
/Users/thiago/Documents/Thiago/CodeToAnalyze/okhttp/samples/guide/src/main/java/okhttp3/recipes/PrintEventsNonConcurrent.java,okhttp3.recipes.PrintEventsNonConcurrent$PrintingEventListener,"proxySelectEnd/3[okhttp3.recipes.Call,okhttp3.recipes.HttpUrl,java.util.List<java.net.Proxy>]",false,84,3,1,0,1,1,1,3,0,0,3,1,1,1,0,0,0,0,1,0,0,0,0,0,0,0,7,1,0,false
/Users/thiago/Documents/Thiago/CodeToAnalyze/okhttp/samples/guide/src/main/java/okhttp3/recipes/PrintEventsNonConcurrent.java,okhttp3.recipes.PrintEventsNonConcurrent$PrintingEventListener,callEnd/1[okhttp3.recipes.Call],false,167,2,1,0,1,1,1,3,0,0,1,1,1,1,0,0,0,0,1,0,0,0,0,0,0,0,5,1,0,false
/Users/thiago/Documents/Thiago/CodeToAnalyze/okhttp/samples/guide/src/main/java/okhttp3/recipes/PrintEventsNonConcurrent.java,okhttp3.recipes.PrintEventsNonConcurrent$PrintingEventListener,printEvent/1[java.lang.String],false,67,0,25,25,0,2,3,8,0,2,1,3,0,0,0,0,0,0,2,1,3,2,1,0,0,0,8,2,0,false
/Users/thiago/Documents/Thiago/CodeToAnalyze/okhttp/samples/guide/src/main/java/okhttp3/recipes/PrintEventsNonConcurrent.java,okhttp3.recipes.PrintEventsNonConcurrent$PrintingEventListener,"dnsEnd/3[okhttp3.recipes.Call,java.lang.String,java.util.List<java.net.InetAddress>]",false,92,2,1,0,1,1,1,3,0,0,3,1,1,1,0,0,0,0,1,0,0,0,0,0,0,0,8,1,0,false
/Users/thiago/Documents/Thiago/CodeToAnalyze/okhttp/samples/guide/src/main/java/okhttp3/recipes/PrintEventsNonConcurrent.java,okhttp3.recipes.PrintEventsNonConcurrent$PrintingEventListener,callStart/1[okhttp3.recipes.Call],false,76,2,1,0,1,1,1,3,0,0,1,1,1,1,0,0,0,0,1,0,0,0,0,0,0,0,5,1,0,false
/Users/thiago/Documents/Thiago/CodeToAnalyze/okhttp/samples/guide/src/main/java/okhttp3/recipes/PrintEventsNonConcurrent.java,okhttp3.recipes.PrintEventsNonConcurrent$PrintingEventListener,"connectionAcquired/2[okhttp3.recipes.Call,okhttp3.recipes.Connection]",false,119,3,1,0,1,1,1,3,0,0,2,1,1,1,0,0,0,0,1,0,0,0,0,0,0,0,5,1,0,false
/Users/thiago/Documents/Thiago/CodeToAnalyze/okhttp/samples/guide/src/main/java/okhttp3/recipes/PrintEventsNonConcurrent.java,okhttp3.recipes.PrintEventsNonConcurrent$PrintingEventListener,"responseHeadersEnd/2[okhttp3.recipes.Call,okhttp3.recipes.Response]",false,151,3,1,0,1,1,1,3,0,0,2,1,1,1,0,0,0,0,1,0,0,0,0,0,0,0,6,1,0,false
/Users/thiago/Documents/Thiago/CodeToAnalyze/okhttp/samples/guide/src/main/java/okhttp3/recipes/PrintEventsNonConcurrent.java,okhttp3.recipes.PrintEventsNonConcurrent$PrintingEventListener,requestHeadersStart/1[okhttp3.recipes.Call],false,127,2,1,0,1,1,1,3,0,0,1,1,1,1,0,0,0,0,1,0,0,0,0,0,0,0,7,1,0,false
/Users/thiago/Documents/Thiago/CodeToAnalyze/okhttp/samples/guide/src/main/java/okhttp3/recipes/PrintEventsNonConcurrent.java,okhttp3.recipes.PrintEventsNonConcurrent$PrintingEventListener,"responseBodyEnd/2[okhttp3.recipes.Call,long]",false,159,2,1,0,1,1,1,3,0,0,2,1,1,1,0,0,0,0,1,0,0,0,0,0,0,0,8,1,0,false
/Users/thiago/Documents/Thiago/CodeToAnalyze/okhttp/samples/guide/src/main/java/okhttp3/recipes/PrintEventsNonConcurrent.java,okhttp3.recipes.PrintEventsNonConcurrent$PrintingEventListener,"dnsStart/2[okhttp3.recipes.Call,java.lang.String]",false,88,2,1,0,1,1,1,3,0,0,2,1,1,1,0,0,0,0,1,0,0,0,0,0,0,0,7,1,0,false
/Users/thiago/Documents/Thiago/CodeToAnalyze/okhttp/samples/guide/src/main/java/okhttp3/recipes/PrintEventsNonConcurrent.java,okhttp3.recipes.PrintEventsNonConcurrent$PrintingEventListener,secureConnectStart/1[okhttp3.recipes.Call],false,101,2,1,0,1,1,1,3,0,0,1,1,1,1,0,0,0,0,1,0,0,0,0,0,0,0,7,1,0,false
/Users/thiago/Documents/Thiago/CodeToAnalyze/okhttp/samples/guide/src/main/java/okhttp3/recipes/PrintEventsNonConcurrent.java,okhttp3.recipes.PrintEventsNonConcurrent$PrintingEventListener,"connectEnd/4[okhttp3.recipes.Call,java.net.InetSocketAddress,java.net.Proxy,okhttp3.recipes.Protocol]",false,110,3,1,0,1,1,1,3,0,0,4,1,1,1,0,0,0,0,1,0,0,0,0,0,0,0,6,1,0,false
/Users/thiago/Documents/Thiago/CodeToAnalyze/okhttp/samples/guide/src/main/java/okhttp3/recipes/PrintEventsNonConcurrent.java,okhttp3.recipes.PrintEventsNonConcurrent$PrintingEventListener,responseBodyStart/1[okhttp3.recipes.Call],false,155,2,1,0,1,1,1,3,0,0,1,1,1,1,0,0,0,0,1,0,0,0,0,0,0,0,7,1,0,false
/Users/thiago/Documents/Thiago/CodeToAnalyze/okhttp/samples/guide/src/main/java/okhttp3/recipes/PrintEventsNonConcurrent.java,okhttp3.recipes.PrintEventsNonConcurrent$PrintingEventListener,"connectFailed/5[okhttp3.recipes.Call,java.net.InetSocketAddress,java.net.Proxy,okhttp3.recipes.Protocol,java.io.IOException]",false,115,3,1,0,1,1,1,3,0,0,5,1,1,1,0,0,0,0,1,0,0,0,0,0,0,0,6,1,0,false
/Users/thiago/Documents/Thiago/CodeToAnalyze/okhttp/samples/guide/src/main/java/okhttp3/recipes/PrintEventsNonConcurrent.java,okhttp3.recipes.PrintEventsNonConcurrent$PrintingEventListener,"proxySelectStart/2[okhttp3.recipes.Call,okhttp3.recipes.HttpUrl]",false,80,3,1,0,1,1,1,3,0,0,2,1,1,1,0,0,0,0,1,0,0,0,0,0,0,0,7,1,0,false
/Users/thiago/Documents/Thiago/CodeToAnalyze/okhttp/samples/guide/src/main/java/okhttp3/recipes/PrintEventsNonConcurrent.java,okhttp3.recipes.PrintEventsNonConcurrent$PrintingEventListener,"requestFailed/2[okhttp3.recipes.Call,java.io.IOException]",false,143,2,1,0,1,1,1,3,0,0,2,1,1,1,0,0,0,0,1,0,0,0,0,0,0,0,6,1,0,false
/Users/thiago/Documents/Thiago/CodeToAnalyze/okhttp/samples/guide/src/main/java/okhttp3/recipes/PrintEventsNonConcurrent.java,okhttp3.recipes.PrintEventsNonConcurrent$PrintingEventListener,"callFailed/2[okhttp3.recipes.Call,java.io.IOException]",false,171,2,1,0,1,1,1,3,0,0,2,1,1,1,0,0,0,0,1,0,0,0,0,0,0,0,6,1,0,false
/Users/thiago/Documents/Thiago/CodeToAnalyze/okhttp/samples/guide/src/main/java/okhttp3/recipes/PrintEventsNonConcurrent.java,okhttp3.recipes.PrintEventsNonConcurrent$PrintingEventListener,"responseFailed/2[okhttp3.recipes.Call,java.io.IOException]",false,163,2,1,0,1,1,1,3,0,0,2,1,1,1,0,0,0,0,1,0,0,0,0,0,0,0,6,1,0,false
/Users/thiago/Documents/Thiago/CodeToAnalyze/okhttp/samples/guide/src/main/java/okhttp3/recipes/PrintEventsNonConcurrent.java,okhttp3.recipes.PrintEventsNonConcurrent$PrintingEventListener,requestBodyStart/1[okhttp3.recipes.Call],false,135,2,1,0,1,1,1,3,0,0,1,1,1,1,0,0,0,0,1,0,0,0,0,0,0,0,7,1,0,false
/Users/thiago/Documents/Thiago/CodeToAnalyze/okhttp/samples/guide/src/main/java/okhttp3/recipes/PrintEventsNonConcurrent.java,okhttp3.recipes.PrintEventsNonConcurrent$PrintingEventListener,"requestBodyEnd/2[okhttp3.recipes.Call,long]",false,139,2,1,0,1,1,1,3,0,0,2,1,1,1,0,0,0,0,1,0,0,0,0,0,0,0,8,1,0,false
/Users/thiago/Documents/Thiago/CodeToAnalyze/okhttp/samples/guide/src/main/java/okhttp3/recipes/PrintEventsNonConcurrent.java,okhttp3.recipes.PrintEventsNonConcurrent$PrintingEventListener,canceled/1[okhttp3.recipes.Call],false,175,2,1,0,1,1,1,3,0,0,1,1,1,1,0,0,0,0,1,0,0,0,0,0,0,0,5,1,0,false
/Users/thiago/Documents/Thiago/CodeToAnalyze/okhttp/samples/guide/src/main/java/okhttp3/recipes/PrintEventsNonConcurrent.java,okhttp3.recipes.PrintEventsNonConcurrent$PrintingEventListener,"connectionReleased/2[okhttp3.recipes.Call,okhttp3.recipes.Connection]",false,123,3,1,0,1,1,1,3,0,0,2,1,1,1,0,0,0,0,1,0,0,0,0,0,0,0,5,1,0,false
/Users/thiago/Documents/Thiago/CodeToAnalyze/okhttp/samples/guide/src/main/java/okhttp3/recipes/PostStreaming.java,okhttp3.recipes.PostStreaming$Anonymous1,factor/1[int],false,46,1,4,3,1,3,2,7,2,2,1,2,1,0,1,1,0,0,1,1,2,3,2,0,0,0,4,2,0,false
/Users/thiago/Documents/Thiago/CodeToAnalyze/okhttp/samples/guide/src/main/java/okhttp3/recipes/PostStreaming.java,okhttp3.recipes.PostStreaming$Anonymous1,writeTo/1[okhttp3.recipes.BufferedSink],false,38,2,1,0,1,2,3,7,0,1,1,3,1,1,1,0,0,0,3,2,1,0,1,0,0,0,9,1,0,false
/Users/thiago/Documents/Thiago/CodeToAnalyze/okhttp/samples/guide/src/main/java/okhttp3/recipes/PostStreaming.java,okhttp3.recipes.PostStreaming$Anonymous1,contentType/0,false,34,1,0,0,0,1,0,3,1,0,0,0,0,0,0,0,0,0,0,0,0,0,0,0,0,0,17,1,0,false
/Users/thiago/Documents/Thiago/CodeToAnalyze/okhttp/samples/guide/src/main/java/okhttp3/recipes/ConfigureTimeouts.java,okhttp3.recipes.ConfigureTimeouts,main/1[java.lang.String[]],false,45,1,2,0,2,1,1,3,0,0,1,1,1,1,0,0,0,0,0,0,0,0,0,0,0,0,5,9,0,false
/Users/thiago/Documents/Thiago/CodeToAnalyze/okhttp/samples/guide/src/main/java/okhttp3/recipes/ConfigureTimeouts.java,okhttp3.recipes.ConfigureTimeouts,run/0,false,35,1,1,1,0,1,5,6,0,2,0,5,0,0,0,0,1,0,2,0,2,1,1,0,0,0,7,1,0,false
/Users/thiago/Documents/Thiago/CodeToAnalyze/okhttp/samples/guide/src/main/java/okhttp3/recipes/ConfigureTimeouts.java,okhttp3.recipes.ConfigureTimeouts,ConfigureTimeouts/0,true,26,1,1,1,0,1,5,3,0,0,0,5,0,0,0,0,0,0,0,4,1,0,0,0,0,0,4,1,0,false
/Users/thiago/Documents/Thiago/CodeToAnalyze/okhttp/samples/guide/src/main/java/okhttp3/recipes/LoggingInterceptors.java,okhttp3.recipes.LoggingInterceptors$LoggingInterceptor,intercept/1[okhttp3.recipes.Chain],false,41,3,0,0,0,1,8,9,1,4,1,8,0,0,0,0,0,1,2,1,4,2,0,0,0,0,14,1,2,false
/Users/thiago/Documents/Thiago/CodeToAnalyze/okhttp/samples/slack/src/main/java/okhttp3/slack/OAuthSessionFactory.java,okhttp3.slack.OAuthSessionFactory$Listener,sessionGranted/1[okhttp3.slack.OAuthSession],false,116,1,1,1,0,1,0,1,0,0,1,0,0,0,0,0,0,0,0,0,0,0,0,0,0,0,5,0,0,false
/Users/thiago/Documents/Thiago/CodeToAnalyze/okhttp/maven-tests/src/main/java/com/squareup/okhttp3/maventest/SampleHttpClient.java,com.squareup.okhttp3.maventest.SampleHttpClient,makeCall/1[com.squareup.okhttp3.maventest.HttpUrl],false,34,2,1,1,0,1,5,5,0,1,1,5,0,0,0,0,1,0,1,0,1,0,1,0,0,0,11,1,0,false
/Users/thiago/Documents/Thiago/CodeToAnalyze/okhttp/maven-tests/src/main/java/com/squareup/okhttp3/maventest/SampleHttpClient.java,com.squareup.okhttp3.maventest.SampleHttpClient,SampleHttpClient/0,true,30,1,1,1,0,1,1,3,0,0,0,1,0,0,0,0,0,0,0,0,1,0,0,0,0,0,4,1,0,false
/Users/thiago/Documents/Thiago/CodeToAnalyze/okhttp/samples/guide/src/main/java/okhttp3/recipes/Progress.java,okhttp3.recipes.Progress$Anonymous1,"update/3[long,long,boolean]",false,40,0,0,0,0,5,3,20,0,0,3,3,0,0,0,2,0,1,4,3,1,2,3,0,0,0,9,1,0,false
/Users/thiago/Documents/Thiago/CodeToAnalyze/okhttp/samples/guide/src/main/java/okhttp3/recipes/UploadProgress.java,okhttp3.recipes.UploadProgress,run/0,false,37,5,3,1,2,2,11,31,0,4,0,11,0,0,0,0,0,0,5,0,4,2,1,1,0,0,37,1,0,false
/Users/thiago/Documents/Thiago/CodeToAnalyze/okhttp/samples/guide/src/main/java/okhttp3/recipes/UploadProgress.java,okhttp3.recipes.UploadProgress,main/1[java.lang.String[]],false,80,1,2,0,2,1,1,3,0,0,1,1,1,1,0,0,0,0,0,0,0,0,0,0,0,0,5,9,0,false
/Users/thiago/Documents/Thiago/CodeToAnalyze/okhttp/samples/guide/src/main/java/okhttp3/recipes/PostString.java,okhttp3.recipes.PostString,main/1[java.lang.String[]],false,52,1,2,0,2,1,1,3,0,0,1,1,1,1,0,0,0,0,0,0,0,0,0,0,0,0,5,9,0,false
/Users/thiago/Documents/Thiago/CodeToAnalyze/okhttp/samples/guide/src/main/java/okhttp3/recipes/PostString.java,okhttp3.recipes.PostString,run/0,false,31,1,1,1,0,2,10,8,0,3,0,10,0,0,0,0,1,0,9,0,3,2,2,0,0,0,15,1,0,false
/Users/thiago/Documents/Thiago/CodeToAnalyze/okhttp/samples/guide/src/main/java/okhttp3/recipes/RewriteResponseCacheControl.java,okhttp3.recipes.RewriteResponseCacheControl,RewriteResponseCacheControl/1[java.io.File],true,37,2,1,1,0,1,3,5,0,1,1,3,0,0,0,0,0,0,0,2,2,1,0,0,0,0,9,1,0,false
/Users/thiago/Documents/Thiago/CodeToAnalyze/okhttp/samples/guide/src/main/java/okhttp3/recipes/RewriteResponseCacheControl.java,okhttp3.recipes.RewriteResponseCacheControl,run/0,false,46,2,1,1,0,4,11,20,0,4,0,11,0,0,1,2,1,1,6,3,5,3,3,0,0,0,29,1,0,false
/Users/thiago/Documents/Thiago/CodeToAnalyze/okhttp/samples/guide/src/main/java/okhttp3/recipes/RewriteResponseCacheControl.java,okhttp3.recipes.RewriteResponseCacheControl,main/1[java.lang.String[]],false,76,1,2,0,2,1,1,3,0,0,1,1,1,1,0,0,0,0,1,0,0,0,0,0,0,0,8,9,0,false
/Users/thiago/Documents/Thiago/CodeToAnalyze/okhttp/samples/guide/src/main/java/okhttp3/recipes/PostStreaming.java,okhttp3.recipes.PostStreaming,main/1[java.lang.String[]],false,67,1,2,0,2,1,1,3,0,0,1,1,1,1,0,0,0,0,0,0,0,0,0,0,0,0,5,9,0,false
/Users/thiago/Documents/Thiago/CodeToAnalyze/okhttp/samples/guide/src/main/java/okhttp3/recipes/PostStreaming.java,okhttp3.recipes.PostStreaming,run/0,false,32,2,1,1,0,2,9,27,0,3,0,9,0,0,0,0,1,0,2,0,3,1,2,1,0,0,35,1,0,false
/Users/thiago/Documents/Thiago/CodeToAnalyze/okhttp/samples/guide/src/main/java/okhttp3/guide/PostExample.java,okhttp3.guide.PostExample,"post/2[java.lang.String,java.lang.String]",false,30,2,1,1,0,1,8,7,1,3,2,8,0,0,0,0,1,0,0,0,3,0,1,0,0,0,12,0,0,false
/Users/thiago/Documents/Thiago/CodeToAnalyze/okhttp/samples/guide/src/main/java/okhttp3/guide/PostExample.java,okhttp3.guide.PostExample,main/1[java.lang.String[]],false,53,1,3,0,3,1,3,6,0,3,1,3,2,1,0,0,0,0,3,0,3,0,0,0,0,0,10,9,0,false
/Users/thiago/Documents/Thiago/CodeToAnalyze/okhttp/samples/guide/src/main/java/okhttp3/guide/PostExample.java,okhttp3.guide.PostExample,"bowlingJson/2[java.lang.String,java.lang.String]",false,41,0,1,1,0,1,0,3,1,0,2,0,0,0,0,0,0,0,11,0,0,2,0,0,0,0,4,0,0,false
/Users/thiago/Documents/Thiago/CodeToAnalyze/okhttp/samples/unixdomainsockets/src/main/java/okhttp3/unixdomainsockets/UnixDomainServerSocketFactory.java,okhttp3.unixdomainsockets.UnixDomainServerSocketFactory$UnixDomainServerSocket,getLocalSocketAddress/0,false,77,0,0,0,0,1,0,3,1,0,0,0,0,0,0,0,0,0,0,0,0,0,0,0,0,0,5,1,0,false
/Users/thiago/Documents/Thiago/CodeToAnalyze/okhttp/samples/unixdomainsockets/src/main/java/okhttp3/unixdomainsockets/UnixDomainServerSocketFactory.java,okhttp3.unixdomainsockets.UnixDomainServerSocketFactory$UnixDomainServerSocket,UnixDomainServerSocket/0,true,61,0,1,1,0,1,0,2,0,0,0,0,0,0,0,0,0,0,0,0,0,0,0,0,0,0,7,0,0,false
/Users/thiago/Documents/Thiago/CodeToAnalyze/okhttp/samples/unixdomainsockets/src/main/java/okhttp3/unixdomainsockets/UnixDomainServerSocketFactory.java,okhttp3.unixdomainsockets.UnixDomainServerSocketFactory$UnixDomainServerSocket,"bind/2[java.net.SocketAddress,int]",false,64,1,0,0,0,1,4,7,0,1,2,4,0,0,0,0,0,0,0,0,3,0,0,0,0,0,15,1,0,false
/Users/thiago/Documents/Thiago/CodeToAnalyze/okhttp/samples/unixdomainsockets/src/main/java/okhttp3/unixdomainsockets/UnixDomainServerSocketFactory.java,okhttp3.unixdomainsockets.UnixDomainServerSocketFactory$UnixDomainServerSocket,close/0,false,92,0,0,0,0,1,1,3,0,0,0,1,0,0,0,0,0,0,0,0,0,0,0,0,0,0,4,1,0,false
/Users/thiago/Documents/Thiago/CodeToAnalyze/okhttp/samples/unixdomainsockets/src/main/java/okhttp3/unixdomainsockets/UnixDomainServerSocketFactory.java,okhttp3.unixdomainsockets.UnixDomainServerSocketFactory$UnixDomainServerSocket,getLocalPort/0,false,73,0,0,0,0,1,0,3,1,0,0,0,0,0,0,0,0,0,0,1,0,0,0,0,0,0,3,1,0,false
/Users/thiago/Documents/Thiago/CodeToAnalyze/okhttp/samples/unixdomainsockets/src/main/java/okhttp3/unixdomainsockets/UnixDomainServerSocketFactory.java,okhttp3.unixdomainsockets.UnixDomainServerSocketFactory$UnixDomainServerSocket,accept/0,false,81,2,1,0,1,2,2,11,1,2,0,2,0,0,0,0,1,0,0,0,2,0,1,0,0,0,12,1,0,false
/Users/thiago/Documents/Thiago/CodeToAnalyze/okhttp/module-tests/src/main/java/okhttp3/modules/Main.java,okhttp3.modules.Main,main/1[java.lang.String[]],false,25,2,1,0,1,1,6,4,0,1,1,6,0,0,0,0,0,0,1,0,1,0,0,0,0,0,7,9,0,false
/Users/thiago/Documents/Thiago/CodeToAnalyze/okhttp/samples/guide/src/main/java/okhttp3/recipes/PreemptiveAuth.java,okhttp3.recipes.PreemptiveAuth,main/1[java.lang.String[]],false,47,1,2,0,2,1,1,3,0,0,1,1,1,1,0,0,0,0,0,0,0,0,0,0,0,0,5,9,0,false
/Users/thiago/Documents/Thiago/CodeToAnalyze/okhttp/samples/guide/src/main/java/okhttp3/recipes/PreemptiveAuth.java,okhttp3.recipes.PreemptiveAuth,run/0,false,35,1,1,1,0,2,8,7,0,2,0,8,0,0,0,0,1,0,2,0,2,1,2,0,0,0,10,1,0,false
/Users/thiago/Documents/Thiago/CodeToAnalyze/okhttp/samples/guide/src/main/java/okhttp3/recipes/PreemptiveAuth.java,okhttp3.recipes.PreemptiveAuth,PreemptiveAuth/0,true,28,2,2,1,1,1,2,3,0,0,0,2,0,0,0,0,0,0,3,0,1,0,0,0,0,0,5,1,0,false
/Users/thiago/Documents/Thiago/CodeToAnalyze/okhttp/samples/slack/src/main/java/okhttp3/slack/OAuthSession.java,okhttp3.slack.OAuthSession,toString/0,false,38,0,0,0,0,1,1,3,1,0,0,1,0,0,0,0,0,0,1,0,0,0,0,0,0,0,10,1,0,false
/Users/thiago/Documents/Thiago/CodeToAnalyze/okhttp/samples/slack/src/main/java/okhttp3/slack/OAuthSession.java,okhttp3.slack.OAuthSession,"OAuthSession/6[boolean,java.lang.String,java.lang.String,java.lang.String,java.lang.String,java.lang.String]",true,29,0,1,1,0,1,0,8,0,0,6,0,0,0,0,0,0,0,0,0,6,0,0,0,0,0,11,1,0,false
/Users/thiago/Documents/Thiago/CodeToAnalyze/okhttp/samples/guide/src/main/java/okhttp3/recipes/UploadProgress.java,okhttp3.recipes.UploadProgress$Anonymous1,"update/3[long,long,boolean]",false,42,0,0,0,0,5,3,20,0,0,3,3,0,0,0,2,0,1,4,3,1,2,3,0,0,0,9,1,0,false
/Users/thiago/Documents/Thiago/CodeToAnalyze/okhttp/samples/guide/src/main/java/okhttp3/recipes/PostFile.java,okhttp3.recipes.PostFile,main/1[java.lang.String[]],false,47,1,2,0,2,1,1,3,0,0,1,1,1,1,0,0,0,0,0,0,0,0,0,0,0,0,5,9,0,false
/Users/thiago/Documents/Thiago/CodeToAnalyze/okhttp/samples/guide/src/main/java/okhttp3/recipes/PostFile.java,okhttp3.recipes.PostFile,run/0,false,32,1,1,1,0,2,10,8,0,3,0,10,0,0,0,0,1,0,3,0,3,1,2,0,0,0,12,1,0,false
/Users/thiago/Documents/Thiago/CodeToAnalyze/okhttp/samples/slack/src/main/java/okhttp3/slack/SlackClient.java,okhttp3.slack.SlackClient,SlackClient/1[okhttp3.slack.SlackApi],true,31,1,1,1,0,1,0,3,0,0,1,0,0,0,0,0,0,0,0,0,1,0,0,0,0,0,4,1,0,false
/Users/thiago/Documents/Thiago/CodeToAnalyze/okhttp/samples/slack/src/main/java/okhttp3/slack/SlackClient.java,okhttp3.slack.SlackClient,"requestOauthSession/2[java.lang.String,java.lang.String]",false,36,3,5,1,4,2,4,12,0,2,2,4,1,1,0,1,0,0,2,0,2,0,1,0,0,1,27,1,0,true
/Users/thiago/Documents/Thiago/CodeToAnalyze/okhttp/samples/slack/src/main/java/okhttp3/slack/SlackClient.java,okhttp3.slack.SlackClient,startRtm/0,false,64,1,3,1,2,1,1,8,0,2,0,1,0,0,0,0,0,0,0,0,2,0,1,0,0,0,16,1,0,true
/Users/thiago/Documents/Thiago/CodeToAnalyze/okhttp/samples/slack/src/main/java/okhttp3/slack/SlackClient.java,okhttp3.slack.SlackClient,initOauthSession/1[okhttp3.slack.OAuthSession],false,51,1,2,2,0,1,1,4,0,0,1,1,0,0,0,0,0,0,0,0,1,0,0,0,0,0,8,33,0,true
/Users/thiago/Documents/Thiago/CodeToAnalyze/okhttp/samples/slack/src/main/java/okhttp3/slack/SlackClient.java,okhttp3.slack.SlackClient,main/1[java.lang.String[]],false,74,3,7,0,7,2,4,17,0,7,1,4,4,2,0,0,0,0,11,1,7,1,1,0,0,0,18,9,0,false
/Users/thiago/Documents/Thiago/CodeToAnalyze/okhttp/samples/slack/src/main/java/okhttp3/slack/SlackClient.java,okhttp3.slack.SlackClient,awaitAccessToken/1[okhttp3.slack.Timeout],false,57,1,1,1,0,2,1,5,0,0,1,1,0,0,1,1,0,0,0,0,0,0,1,0,0,0,17,33,0,true
/Users/thiago/Documents/Thiago/CodeToAnalyze/okhttp/samples/guide/src/main/java/okhttp3/recipes/CurrentDateHeader.java,okhttp3.recipes.CurrentDateHeader$CurrentDateInterceptor,intercept/1[okhttp3.recipes.Chain],false,42,4,0,0,0,1,6,6,1,3,1,6,0,0,0,0,0,0,1,0,3,0,0,0,0,0,12,1,0,false
/Users/thiago/Documents/Thiago/CodeToAnalyze/okhttp/samples/simple-client/src/main/java/okhttp3/sample/OkHttpContributors.java,okhttp3.sample.OkHttpContributors,OkHttpContributors/0,true,63,0,0,0,0,1,0,2,0,0,0,0,0,0,0,0,0,0,0,0,0,0,0,0,0,0,3,2,0,false
/Users/thiago/Documents/Thiago/CodeToAnalyze/okhttp/samples/simple-client/src/main/java/okhttp3/sample/OkHttpContributors.java,okhttp3.sample.OkHttpContributors,main/1[java.lang.String[]],false,39,4,0,0,0,2,9,12,0,7,1,9,0,0,1,0,1,0,1,0,5,2,2,0,0,1,23,9,0,false
/Users/thiago/Documents/Thiago/CodeToAnalyze/okhttp/samples/guide/src/main/java/okhttp3/recipes/CustomCipherSuites.java,okhttp3.recipes.CustomCipherSuites$DelegatingSSLSocketFactory,getSupportedCipherSuites/0,false,122,0,0,0,0,1,1,3,1,0,0,1,0,0,0,0,0,0,0,0,0,0,0,0,0,0,4,1,0,false
/Users/thiago/Documents/Thiago/CodeToAnalyze/okhttp/samples/guide/src/main/java/okhttp3/recipes/CustomCipherSuites.java,okhttp3.recipes.CustomCipherSuites$DelegatingSSLSocketFactory,getDefaultCipherSuites/0,false,118,0,0,0,0,1,1,3,1,0,0,1,0,0,0,0,0,0,0,0,0,0,0,0,0,0,4,1,0,false
/Users/thiago/Documents/Thiago/CodeToAnalyze/okhttp/samples/guide/src/main/java/okhttp3/recipes/CustomCipherSuites.java,okhttp3.recipes.CustomCipherSuites$DelegatingSSLSocketFactory,DelegatingSSLSocketFactory/1[javax.net.ssl.SSLSocketFactory],true,114,0,0,0,0,1,0,3,0,0,1,0,0,0,0,0,0,0,0,0,1,0,0,0,0,0,6,0,0,false
/Users/thiago/Documents/Thiago/CodeToAnalyze/okhttp/samples/guide/src/main/java/okhttp3/recipes/CustomCipherSuites.java,okhttp3.recipes.CustomCipherSuites$DelegatingSSLSocketFactory,configureSocket/1[javax.net.ssl.SSLSocket],false,150,0,5,5,0,1,0,3,1,0,1,0,0,0,0,0,0,0,0,0,0,0,0,0,0,0,8,4,0,false
/Users/thiago/Documents/Thiago/CodeToAnalyze/okhttp/samples/guide/src/main/java/okhttp3/recipes/CustomCipherSuites.java,okhttp3.recipes.CustomCipherSuites$DelegatingSSLSocketFactory,"createSocket/2[java.net.InetAddress,int]",false,140,1,1,0,1,1,2,3,1,0,2,2,1,1,0,0,0,0,0,0,0,0,0,0,0,0,11,1,0,false
/Users/thiago/Documents/Thiago/CodeToAnalyze/okhttp/samples/guide/src/main/java/okhttp3/recipes/CustomCipherSuites.java,okhttp3.recipes.CustomCipherSuites$DelegatingSSLSocketFactory,"createSocket/4[java.net.Socket,java.lang.String,int,boolean]",false,127,1,1,0,1,1,2,3,1,0,4,2,1,1,0,0,0,0,0,0,0,0,0,0,0,0,10,1,0,false
/Users/thiago/Documents/Thiago/CodeToAnalyze/okhttp/samples/guide/src/main/java/okhttp3/recipes/CustomCipherSuites.java,okhttp3.recipes.CustomCipherSuites$DelegatingSSLSocketFactory,"createSocket/2[java.lang.String,int]",false,131,1,1,0,1,1,2,3,1,0,2,2,1,1,0,0,0,0,0,0,0,0,0,0,0,0,9,1,0,false
/Users/thiago/Documents/Thiago/CodeToAnalyze/okhttp/samples/guide/src/main/java/okhttp3/recipes/CustomCipherSuites.java,okhttp3.recipes.CustomCipherSuites$DelegatingSSLSocketFactory,"createSocket/4[java.lang.String,int,java.net.InetAddress,int]",false,136,1,1,0,1,1,2,3,1,0,4,2,1,1,0,0,0,0,0,0,0,0,0,0,0,0,10,1,0,false
/Users/thiago/Documents/Thiago/CodeToAnalyze/okhttp/samples/guide/src/main/java/okhttp3/recipes/CustomCipherSuites.java,okhttp3.recipes.CustomCipherSuites$DelegatingSSLSocketFactory,"createSocket/4[java.net.InetAddress,int,java.net.InetAddress,int]",false,145,1,1,0,1,1,2,3,1,0,4,2,1,1,0,0,0,0,0,0,0,0,0,0,0,0,12,1,0,false
/Users/thiago/Documents/Thiago/CodeToAnalyze/okhttp/samples/guide/src/main/java/okhttp3/recipes/PrintEventsNonConcurrent.java,okhttp3.recipes.PrintEventsNonConcurrent,run/0,false,42,1,1,1,0,1,8,11,0,3,0,8,0,0,0,0,2,0,3,0,3,0,1,0,0,0,8,1,0,false
/Users/thiago/Documents/Thiago/CodeToAnalyze/okhttp/samples/guide/src/main/java/okhttp3/recipes/PrintEventsNonConcurrent.java,okhttp3.recipes.PrintEventsNonConcurrent,main/1[java.lang.String[]],false,60,1,2,0,2,1,1,3,0,0,1,1,1,1,0,0,0,0,0,0,0,0,0,0,0,0,7,9,0,false
/Users/thiago/Documents/Thiago/CodeToAnalyze/okhttp/samples/guide/src/main/java/okhttp3/recipes/ParseResponseWithMoshi.java,okhttp3.recipes.ParseResponseWithMoshi,main/1[java.lang.String[]],false,55,1,2,0,2,1,1,3,0,0,1,1,1,1,0,0,0,0,0,0,0,0,0,0,0,0,7,9,0,false
/Users/thiago/Documents/Thiago/CodeToAnalyze/okhttp/samples/guide/src/main/java/okhttp3/recipes/ParseResponseWithMoshi.java,okhttp3.recipes.ParseResponseWithMoshi,run/0,false,31,3,1,1,0,3,12,11,0,3,0,12,0,0,1,0,1,0,2,0,3,1,2,0,0,0,13,1,0,false
